Id,type,label,Parent
0,File,C:\Users\wj86\Documents\gitrepo\python-workspace\python-patterns\behavioral\catalog.py,585
1,Variable,__author__,0
2,Class,Catalog,0
3,Function,__init__,2
6,Variable,_static_method_choices,2
7,Variable,param,2
8,Function,_static_method_1,2
9,Function,_static_method_2,2
10,Function,main_method,2
12,Class,CatalogInstance,0
13,Function,__init__,12
16,Variable,x1,12
17,Variable,x2,12
18,Variable,param,12
19,Function,_instance_method_1,12
21,Function,_instance_method_2,12
23,Variable,_instance_method_choices,12
24,Function,main_method,12
26,Class,CatalogClass,0
27,Variable,x1,26
28,Variable,x2,26
29,Function,__init__,26
32,Variable,param,26
33,Function,_class_method_1,26
35,Function,_class_method_2,26
37,Variable,_class_method_choices,26
38,Function,main_method,26
40,Class,CatalogStatic,0
41,Function,__init__,40
44,Variable,param,40
45,Function,_static_method_1,40
46,Function,_static_method_2,40
47,Variable,_static_method_choices,40
48,Function,main_method,40
50,Function,main,0
51,Variable,test,50
52,Function,__main__,0
53,File,C:\Users\wj86\Documents\gitrepo\python-workspace\python-patterns\behavioral\chain.py,585
54,Class,Handler,53
55,Variable,__metaclass__,54
56,Function,__init__,54
59,Variable,_successor,54
60,Function,handle,54
63,Variable,res,60
64,Function,_handle,54
67,Class,ConcreteHandler1,53
68,Function,_handle,67
71,Function,__init__,67
72,Class,ConcreteHandler2,53
73,Function,_handle,72
76,Function,__init__,72
77,Class,ConcreteHandler3,53
78,Function,_handle,77
81,Function,__init__,77
82,Class,DefaultHandler,53
83,Function,_handle,82
86,Function,__init__,82
87,Class,Client,53
88,Function,__init__,87
90,Variable,handler,87
91,Function,delegate,87
94,Function,coroutine,53
96,Function,start,94
99,Function,coroutine1,53
101,Variable,request,99
102,Function,coroutine2,53
104,Variable,request,102
105,Function,coroutine3,53
107,Variable,request,105
108,Function,default_coroutine,53
109,Variable,request,108
110,Class,ClientCoroutine,53
111,Function,__init__,110
113,Variable,target,110
114,Function,delegate,110
117,Function,timeit,53
119,Function,count,117
122,Function,suppress_stdout,53
123,Variable,stdout,122
124,Function,__main__,53
125,Variable,client1,124
126,Variable,client2,124
127,Variable,requests,124
128,Variable,client1_delegate,124
129,Variable,client2_delegate,124
130,File,C:\Users\wj86\Documents\gitrepo\python-workspace\python-patterns\behavioral\chaining_method.py,585
131,Class,Person,130
132,Function,__init__,131
136,Variable,name,131
137,Variable,action,131
138,Function,do_action,131
140,Class,Action,130
141,Function,__init__,140
144,Variable,name,140
145,Function,amount,140
148,Function,stop,140
150,Function,__main__,130
151,Variable,move,150
152,Variable,person,150
153,File,C:\Users\wj86\Documents\gitrepo\python-workspace\python-patterns\behavioral\command.py,585
154,Class,MoveFileCommand,153
155,Function,__init__,154
159,Variable,src,154
160,Variable,dest,154
161,Function,execute,154
163,Function,undo,154
165,Function,rename,154
169,Function,main,153
170,Variable,command_stack,169
171,Function,__main__,153
172,File,C:\Users\wj86\Documents\gitrepo\python-workspace\python-patterns\behavioral\iterator.py,585
173,Function,count_to,172
175,Variable,numbers,173
176,Variable,count_to_two,172
177,Variable,count_to_five,172
178,File,C:\Users\wj86\Documents\gitrepo\python-workspace\python-patterns\behavioral\mediator.py,585
179,Class,TC,178
180,Function,__init__,179
182,Variable,_tm,179
183,Variable,_bProblem,179
184,Function,setup,179
186,Function,execute,179
188,Function,tearDown,179
190,Function,setTM,179
193,Function,setProblem,179
196,Class,Reporter,178
197,Function,__init__,196
199,Variable,_tm,196
200,Function,prepare,196
202,Function,report,196
204,Function,setTM,196
207,Class,DB,178
208,Function,__init__,207
210,Variable,_tm,207
211,Function,insert,207
213,Function,update,207
215,Function,setTM,207
218,Class,TestManager,178
219,Function,__init__,218
221,Variable,_reporter,218
222,Variable,_db,218
223,Variable,_tc,218
224,Function,prepareReporting,218
226,Variable,rvalue,224
227,Function,setReporter,218
230,Function,setDB,218
233,Function,publishReport,218
235,Function,setTC,218
238,Function,__main__,178
239,Variable,reporter,238
240,Variable,db,238
241,Variable,tm,238
242,Variable,tc,238
243,File,C:\Users\wj86\Documents\gitrepo\python-workspace\python-patterns\behavioral\memento.py,585
244,Function,memento,243
247,Variable,state,244
248,Function,restore,244
249,Class,Transaction,243
250,Variable,deep,249
251,Variable,states,249
252,Function,__init__,249
256,Variable,deep,249
257,Variable,targets,249
258,Function,commit,249
260,Function,rollback,249
262,Class,Transactional,243
263,Function,__init__,262
266,Variable,method,262
267,Function,__get__,262
271,Function,transaction,267
274,Class,NumObj,243
275,Function,__init__,274
278,Variable,value,274
279,Function,__repr__,274
281,Function,increment,274
283,Function,do_stuff,274
285,Function,__main__,243
286,Variable,num_obj,285
287,Variable,a_transaction,285
288,File,C:\Users\wj86\Documents\gitrepo\python-workspace\python-patterns\behavioral\observer.py,585
289,Class,Subject,288
290,Function,__init__,289
292,Variable,_observers,289
293,Function,attach,289
296,Function,detach,289
299,Function,notify,289
302,Class,Data,288
303,Function,__init__,302
306,Variable,name,302
307,Variable,_data,302
308,Function,data,302
310,Function,data,302
313,Class,HexViewer,288
314,Function,update,313
317,Function,__init__,313
318,Class,DecimalViewer,288
319,Function,update,318
322,Function,__init__,318
323,Function,main,288
324,Variable,data1,323
325,Variable,data2,323
326,Variable,view1,323
327,Variable,view2,323
328,Function,__main__,288
329,File,C:\Users\wj86\Documents\gitrepo\python-workspace\python-patterns\behavioral\publish_subscribe.py,585
330,Class,Provider,329
331,Function,__init__,330
333,Variable,msg_queue,330
334,Variable,subscribers,330
335,Function,notify,330
338,Function,subscribe,330
342,Function,unsubscribe,330
346,Function,update,330
348,Class,Publisher,329
349,Function,__init__,348
352,Variable,provider,348
353,Function,publish,348
356,Class,Subscriber,329
357,Function,__init__,356
361,Variable,name,356
362,Variable,provider,356
363,Function,subscribe,356
366,Function,unsubscribe,356
369,Function,run,356
372,Function,main,329
373,Variable,message_center,372
374,Variable,fftv,372
375,Variable,jim,372
376,Variable,jack,372
377,Variable,gee,372
378,Variable,vani,372
379,Function,__main__,329
380,File,C:\Users\wj86\Documents\gitrepo\python-workspace\python-patterns\behavioral\registry.py,585
381,Class,RegistryHolder,380
382,Variable,REGISTRY,381
383,Function,__new__,381
388,Variable,new_cls,383
389,Function,get_registry,381
391,Function,__init__,381
392,Class,BaseRegisteredClass,380
393,Variable,__metaclass__,392
394,Function,__init__,392
395,Function,__main__,380
396,Class,ClassRegistree,395
397,File,C:\Users\wj86\Documents\gitrepo\python-workspace\python-patterns\behavioral\specification.py,585
398,Class,Specification,397
399,Function,and_specification,398
402,Function,or_specification,398
405,Function,not_specification,398
407,Function,is_satisfied_by,398
410,Function,__init__,398
411,Class,CompositeSpecification,397
412,Function,is_satisfied_by,411
415,Function,and_specification,411
418,Function,or_specification,411
421,Function,not_specification,411
423,Function,__init__,411
424,Class,AndSpecification,397
425,Variable,_one,424
426,Variable,_other,424
427,Function,__init__,424
431,Variable,_one,424
432,Variable,_other,424
433,Function,is_satisfied_by,424
436,Class,OrSpecification,397
437,Variable,_one,436
438,Variable,_other,436
439,Function,__init__,436
443,Variable,_one,436
444,Variable,_other,436
445,Function,is_satisfied_by,436
448,Class,NotSpecification,397
449,Variable,_wrapped,448
450,Function,__init__,448
453,Variable,_wrapped,448
454,Function,is_satisfied_by,448
457,Class,User,397
458,Function,__init__,457
461,Variable,super_user,457
462,Class,UserSpecification,397
463,Function,is_satisfied_by,462
466,Function,__init__,462
467,Class,SuperUserSpecification,397
468,Function,is_satisfied_by,467
471,Function,__init__,467
472,Function,__main__,397
473,Variable,andrey,472
474,Variable,ivan,472
475,Variable,vasiliy,472
476,Variable,root_specification,472
477,File,C:\Users\wj86\Documents\gitrepo\python-workspace\python-patterns\behavioral\state.py,585
478,Class,State,477
479,Function,scan,478
481,Function,__init__,478
482,Class,AmState,477
483,Function,__init__,482
486,Variable,radio,482
487,Variable,stations,482
488,Variable,pos,482
489,Variable,name,482
490,Function,toggle_amfm,482
492,Class,FmState,477
493,Function,__init__,492
496,Variable,radio,492
497,Variable,stations,492
498,Variable,pos,492
499,Variable,name,492
500,Function,toggle_amfm,492
502,Class,Radio,477
503,Function,__init__,502
505,Variable,amstate,502
506,Variable,fmstate,502
507,Variable,state,502
508,Function,toggle_amfm,502
510,Function,scan,502
512,Function,__main__,477
513,Variable,radio,512
514,Variable,actions,512
515,File,C:\Users\wj86\Documents\gitrepo\python-workspace\python-patterns\behavioral\strategy.py,585
516,Class,StrategyExample,515
517,Function,__init__,516
520,Variable,name,516
521,Variable,execute,516
522,Function,execute,516
524,Function,execute_replacement1,515
526,Function,execute_replacement2,515
528,Function,__main__,515
529,Variable,strat0,528
530,Variable,strat1,528
531,Variable,strat2,528
532,File,C:\Users\wj86\Documents\gitrepo\python-workspace\python-patterns\behavioral\template.py,585
533,Variable,ingredients,532
534,Variable,line,532
535,Function,iter_elements,532
538,Function,rev_elements,532
541,Function,get_list,532
542,Function,get_lists,532
543,Function,print_item,532
545,Function,reverse_item,532
547,Function,make_template,532
551,Function,template,547
552,Variable,templates,532
553,File,C:\Users\wj86\Documents\gitrepo\python-workspace\python-patterns\behavioral\visitor.py,585
554,Class,Node,553
555,Function,__init__,554
556,Class,A,553
557,Function,__init__,556
558,Class,B,553
559,Function,__init__,558
560,Class,C,553
561,Function,__init__,560
562,Class,Visitor,553
563,Function,visit,562
568,Variable,meth,563
569,Variable,meth_name,563
570,Function,generic_visit,562
575,Function,visit_B,562
580,Function,__init__,562
581,Variable,a,553
582,Variable,b,553
583,Variable,c,553
584,Variable,visitor,553
585,Package,behavioral,-1
586,File,C:\Users\wj86\Documents\gitrepo\python-workspace\python-patterns\behavioral\__init__.py,585
587,File,C:\Users\wj86\Documents\gitrepo\python-workspace\python-patterns\creational\abstract_factory.py,767
588,Class,PetShop,587
589,Function,__init__,588
592,Variable,pet_factory,588
593,Function,show_pet,588
595,Variable,pet,593
596,Class,Dog,587
597,Function,speak,596
599,Function,__str__,596
601,Function,__init__,596
602,Class,Cat,587
603,Function,speak,602
605,Function,__str__,602
607,Function,__init__,602
608,Function,random_animal,587
609,Function,__main__,587
610,Variable,cat_shop,609
611,Variable,shop,609
612,File,C:\Users\wj86\Documents\gitrepo\python-workspace\python-patterns\creational\borg.py,767
613,Class,Borg,612
614,Variable,__shared_state,613
615,Function,__init__,613
617,Variable,__dict__,613
618,Variable,state,613
619,Function,__str__,613
621,Class,YourBorg,612
622,Function,__init__,621
623,Function,__main__,612
624,Variable,rm1,623
625,Variable,rm2,623
626,Variable,rm3,623
627,File,C:\Users\wj86\Documents\gitrepo\python-workspace\python-patterns\creational\builder.py,767
628,Class,Building,627
629,Function,__init__,628
631,Function,build_floor,628
633,Function,build_size,628
635,Function,__repr__,628
637,Class,House,627
638,Function,build_floor,637
640,Function,build_size,637
642,Function,__init__,637
643,Class,Flat,627
644,Function,build_floor,643
646,Function,build_size,643
648,Function,__init__,643
649,Class,ComplexBuilding,627
650,Function,__repr__,649
652,Function,__init__,649
653,Class,ComplexHouse,627
654,Function,build_floor,653
656,Function,build_size,653
658,Function,__init__,653
659,Function,construct_building,627
661,Variable,building,659
662,Function,__main__,627
663,Variable,house,662
664,Variable,flat,662
665,Variable,complex_house,662
666,File,C:\Users\wj86\Documents\gitrepo\python-workspace\python-patterns\creational\factory_method.py,767
667,Class,GreekGetter,666
668,Function,__init__,667
670,Variable,trans,667
671,Function,get,667
674,Class,EnglishGetter,666
675,Function,get,674
678,Function,__init__,674
679,Function,get_localizer,666
681,Variable,languages,679
682,Function,__main__,666
683,Variable,e,682
684,Variable,g,682
685,File,C:\Users\wj86\Documents\gitrepo\python-workspace\python-patterns\creational\lazy_evaluation.py,767
686,Class,lazy_property,685
687,Function,__init__,686
690,Variable,function,686
691,Function,__get__,686
695,Variable,val,691
696,Function,lazy_property2,685
698,Variable,attr,696
699,Function,_lazy_property,696
701,Class,Person,685
702,Function,__init__,701
706,Variable,name,701
707,Variable,occupation,701
708,Variable,call_count2,701
709,Function,relatives,701
711,Variable,relatives,709
712,Function,parents,701
714,Function,main,685
715,Variable,Jhon,714
716,Function,__main__,685
717,File,C:\Users\wj86\Documents\gitrepo\python-workspace\python-patterns\creational\pool.py,767
718,Class,ObjectPool,717
719,Function,__init__,718
723,Variable,_queue,718
724,Variable,item,718
725,Function,__enter__,718
727,Function,__exit__,718
732,Function,__del__,718
734,Function,main,717
735,Function,test_object,734
737,Variable,sample_queue,734
738,Function,__main__,717
739,File,C:\Users\wj86\Documents\gitrepo\python-workspace\python-patterns\creational\prototype.py,767
740,Class,Prototype,739
741,Variable,value,740
742,Function,clone,740
745,Variable,obj,742
746,Function,__init__,740
747,Class,PrototypeDispatcher,739
748,Function,__init__,747
750,Variable,_objects,747
751,Function,get_objects,747
753,Function,register_object,747
757,Function,unregister_object,747
760,Function,main,739
761,Variable,dispatcher,760
762,Variable,prototype,760
763,Variable,d,760
764,Variable,a,760
765,Variable,b,760
766,Function,__main__,739
767,Package,creational,-1
768,File,C:\Users\wj86\Documents\gitrepo\python-workspace\python-patterns\creational\__init__.py,767
769,File,C:\Users\wj86\Documents\gitrepo\python-workspace\python-patterns\dft\constructor_injection.py,832
770,Class,TimeDisplay,769
771,Function,__init__,770
774,Variable,time_provider,770
775,Function,get_current_time_as_html_fragment,770
777,Variable,current_time,775
778,Variable,current_time_as_html_fragment,775
779,Class,ProductionCodeTimeProvider,769
780,Function,now,779
782,Variable,current_time,780
783,Variable,current_time_formatted,780
784,Function,__init__,779
785,Class,MidnightTimeProvider,769
786,Function,now,785
788,Variable,current_time_is_always_midnight,786
789,Function,__init__,785
790,File,C:\Users\wj86\Documents\gitrepo\python-workspace\python-patterns\dft\parameter_injection.py,832
791,Class,TimeDisplay,790
792,Function,__init__,791
794,Function,get_current_time_as_html_fragment,791
797,Variable,current_time,794
798,Variable,current_time_as_html_fragment,794
799,Class,ProductionCodeTimeProvider,790
800,Function,now,799
802,Variable,current_time,800
803,Variable,current_time_formatted,800
804,Function,__init__,799
805,Class,MidnightTimeProvider,790
806,Function,now,805
808,Variable,current_time_is_always_midnight,806
809,Function,__init__,805
810,File,C:\Users\wj86\Documents\gitrepo\python-workspace\python-patterns\dft\setter_injection.py,832
811,Class,TimeDisplay,810
812,Function,__init__,811
814,Function,set_time_provider,811
817,Function,get_current_time_as_html_fragment,811
819,Variable,current_time,817
820,Variable,current_time_as_html_fragment,817
821,Class,ProductionCodeTimeProvider,810
822,Function,now,821
824,Variable,current_time,822
825,Variable,current_time_formatted,822
826,Function,__init__,821
827,Class,MidnightTimeProvider,810
828,Function,now,827
830,Variable,current_time_is_always_midnight,828
831,Function,__init__,827
832,Package,dft,-1
833,File,C:\Users\wj86\Documents\gitrepo\python-workspace\python-patterns\dft\__init__.py,832
834,File,C:\Users\wj86\Documents\gitrepo\python-workspace\python-patterns\fundamental\delegation_pattern.py,852
835,Class,Delegator,834
836,Function,__init__,835
839,Variable,delegate,835
840,Function,__getattr__,835
843,Function,wrapper,840
846,Class,Delegate,834
847,Function,do_something,846
850,Function,__init__,846
851,Function,__main__,834
852,Package,fundamental,-1
853,File,C:\Users\wj86\Documents\gitrepo\python-workspace\python-patterns\fundamental\__init__.py,852
854,File,C:\Users\wj86\Documents\gitrepo\python-workspace\python-patterns\other\blackboard.py,1038
855,Class,Blackboard,854
856,Function,__init__,855
858,Variable,experts,855
859,Variable,common_state,855
860,Function,add_expert,855
863,Class,Controller,854
864,Function,__init__,863
867,Variable,blackboard,863
868,Function,run_loop,863
870,Class,AbstractExpert,854
871,Variable,__metaclass__,870
872,Function,__init__,870
875,Variable,blackboard,870
876,Function,is_eager_to_contribute,870
878,Function,contribute,870
880,Class,Student,854
881,Function,is_eager_to_contribute,880
883,Function,contribute,880
885,Function,__init__,880
886,Class,Scientist,854
887,Function,is_eager_to_contribute,886
889,Function,contribute,886
891,Function,__init__,886
892,Class,Professor,854
893,Function,is_eager_to_contribute,892
895,Function,contribute,892
897,Function,__init__,892
898,Function,__main__,854
899,Variable,blackboard,898
900,Variable,c,898
901,Variable,contributions,898
902,File,C:\Users\wj86\Documents\gitrepo\python-workspace\python-patterns\other\graph_search.py,1038
903,Class,GraphSearch,902
904,Function,__init__,903
907,Variable,graph,903
908,Function,find_path,903
913,Variable,newpath,908
914,Function,find_all_path,903
919,Variable,paths,914
920,Variable,newpaths,914
921,Function,find_shortest_path,903
926,Variable,shortest,921
927,Variable,newpath,921
928,Variable,graph,902
929,Variable,graph1,902
930,File,C:\Users\wj86\Documents\gitrepo\python-workspace\python-patterns\other\hsm\hsm.py,1036
931,Class,UnsupportedMessageType,930
932,Function,__init__,931
933,Class,UnsupportedState,930
934,Function,__init__,933
935,Class,UnsupportedTransition,930
936,Function,__init__,935
937,Class,HierachicalStateMachine,930
938,Function,__init__,937
940,Variable,_active_state,937
941,Variable,_standby_state,937
942,Variable,_suspect_state,937
943,Variable,_failed_state,937
944,Variable,_current_state,937
945,Variable,states,937
946,Variable,message_types,937
947,Function,_next_state,937
950,Function,_send_diagnostics_request,937
952,Function,_raise_alarm,937
954,Function,_clear_alarm,937
956,Function,_perform_switchover,937
958,Function,_send_switchover_response,937
960,Function,_send_operator_inservice_response,937
962,Function,_send_diagnostics_failure_report,937
964,Function,_send_diagnostics_pass_report,937
966,Function,_abort_diagnostics,937
968,Function,_check_mate_status,937
970,Function,on_message,937
973,Class,Unit,930
974,Function,__init__,973
977,Variable,hsm,973
978,Function,on_switchover,973
980,Function,on_fault_trigger,973
982,Function,on_diagnostics_failed,973
984,Function,on_diagnostics_passed,973
986,Function,on_operator_inservice,973
988,Class,Inservice,930
989,Function,__init__,988
992,Variable,_hsm,988
993,Function,on_fault_trigger,988
995,Function,on_switchover,988
997,Class,Active,930
998,Function,__init__,997
1001,Variable,_hsm,997
1002,Function,on_fault_trigger,997
1004,Function,on_switchover,997
1006,Class,Standby,930
1007,Function,__init__,1006
1010,Variable,_hsm,1006
1011,Function,on_switchover,1006
1013,Class,OutOfService,930
1014,Function,__init__,1013
1017,Variable,_hsm,1013
1018,Function,on_operator_inservice,1013
1020,Class,Suspect,930
1021,Function,__init__,1020
1024,Variable,_hsm,1020
1025,Function,on_diagnostics_failed,1020
1027,Function,on_diagnostics_passed,1020
1029,Function,on_operator_inservice,1020
1031,Class,Failed,930
1032,Function,__init__,1031
1035,Variable,_hsm,1031
1036,Package,hsm,1038
1037,File,C:\Users\wj86\Documents\gitrepo\python-workspace\python-patterns\other\hsm\__init__.py,1036
1038,Package,other,-1
1039,File,C:\Users\wj86\Documents\gitrepo\python-workspace\python-patterns\other\__init__.py,1038
1040,File,C:\Users\wj86\Documents\gitrepo\python-workspace\python-patterns\structural\3-tier.py,1404
1041,Class,Data,1040
1042,Variable,products,1041
1043,Function,__get__,1041
1047,Function,__init__,1041
1048,Class,BusinessLogic,1040
1049,Variable,data,1048
1050,Function,product_list,1048
1052,Function,product_information,1048
1055,Function,__init__,1048
1056,Class,Ui,1040
1057,Function,__init__,1056
1059,Variable,business_logic,1056
1060,Function,get_product_list,1056
1062,Function,get_product_information,1056
1065,Variable,product_info,1062
1066,Function,main,1040
1067,Variable,ui,1066
1068,Function,__main__,1040
1069,File,C:\Users\wj86\Documents\gitrepo\python-workspace\python-patterns\structural\adapter.py,1404
1070,Class,Dog,1069
1071,Function,__init__,1070
1073,Variable,name,1070
1074,Function,bark,1070
1076,Class,Cat,1069
1077,Function,__init__,1076
1079,Variable,name,1076
1080,Function,meow,1076
1082,Class,Human,1069
1083,Function,__init__,1082
1085,Variable,name,1082
1086,Function,speak,1082
1088,Class,Car,1069
1089,Function,__init__,1088
1091,Variable,name,1088
1092,Function,make_noise,1088
1095,Class,Adapter,1069
1096,Function,__init__,1095
1100,Variable,obj,1095
1101,Function,__getattr__,1095
1104,Function,original_dict,1095
1106,Function,main,1069
1107,Variable,objects,1106
1108,Variable,dog,1106
1109,Variable,cat,1106
1110,Variable,human,1106
1111,Variable,car,1106
1112,Function,__main__,1069
1113,File,C:\Users\wj86\Documents\gitrepo\python-workspace\python-patterns\structural\bridge.py,1404
1114,Class,DrawingAPI1,1113
1115,Function,draw_circle,1114
1120,Function,__init__,1114
1121,Class,DrawingAPI2,1113
1122,Function,draw_circle,1121
1127,Function,__init__,1121
1128,Class,CircleShape,1113
1129,Function,__init__,1128
1135,Variable,_x,1128
1136,Variable,_y,1128
1137,Variable,_radius,1128
1138,Variable,_drawing_api,1128
1139,Function,draw,1128
1141,Function,scale,1128
1144,Function,main,1113
1145,Variable,shapes,1144
1146,Function,__main__,1113
1147,File,C:\Users\wj86\Documents\gitrepo\python-workspace\python-patterns\structural\composite.py,1404
1148,Class,Graphic,1147
1149,Function,render,1148
1151,Function,__init__,1148
1152,Class,CompositeGraphic,1147
1153,Function,__init__,1152
1155,Variable,graphics,1152
1156,Function,render,1152
1158,Function,add,1152
1161,Function,remove,1152
1164,Class,Ellipse,1147
1165,Function,__init__,1164
1168,Variable,name,1164
1169,Function,render,1164
1171,Function,__main__,1147
1172,Variable,ellipse1,1171
1173,Variable,ellipse2,1171
1174,Variable,ellipse3,1171
1175,Variable,ellipse4,1171
1176,Variable,graphic1,1171
1177,Variable,graphic2,1171
1178,Variable,graphic,1171
1179,File,C:\Users\wj86\Documents\gitrepo\python-workspace\python-patterns\structural\decorator.py,1404
1180,Class,TextTag,1179
1181,Function,__init__,1180
1184,Variable,_text,1180
1185,Function,render,1180
1187,Class,BoldWrapper,1179
1188,Function,__init__,1187
1191,Variable,_wrapped,1187
1192,Function,render,1187
1194,Class,ItalicWrapper,1179
1195,Function,__init__,1194
1198,Variable,_wrapped,1194
1199,Function,render,1194
1201,Function,__main__,1179
1202,Variable,simple_hello,1201
1203,Variable,special_hello,1201
1204,File,C:\Users\wj86\Documents\gitrepo\python-workspace\python-patterns\structural\facade.py,1404
1205,Variable,SLEEP,1204
1206,Class,TC1,1204
1207,Function,run,1206
1209,Function,__init__,1206
1210,Class,TC2,1204
1211,Function,run,1210
1213,Function,__init__,1210
1214,Class,TC3,1204
1215,Function,run,1214
1217,Function,__init__,1214
1218,Class,TestRunner,1204
1219,Function,__init__,1218
1221,Variable,tc1,1218
1222,Variable,tc2,1218
1223,Variable,tc3,1218
1224,Variable,tests,1218
1225,Function,runAll,1218
1227,Function,__main__,1204
1228,Variable,testrunner,1227
1229,File,C:\Users\wj86\Documents\gitrepo\python-workspace\python-patterns\structural\flyweight.py,1404
1230,Class,FlyweightMeta,1229
1231,Function,__new__,1230
1236,Variable,dctnull,1231
1237,Function,_serialize_params,1230
1241,Variable,args_list,1237
1242,Variable,key,1237
1243,Function,__call__,1230
1247,Variable,key,1243
1248,Variable,pool,1243
1249,Variable,instance,1243
1250,Variable,poolnull,1243
1251,Function,__init__,1230
1252,Class,Card,1229
1253,Variable,_CardPool,1252
1254,Function,__new__,1252
1258,Variable,obj,1254
1259,Function,__repr__,1252
1261,Function,__init__,1252
1262,Function,with_metaclass,1229
1265,Class,Card2,1229
1266,Function,__init__,1265
1270,Function,__main__,1229
1271,Variable,c1,1270
1272,Variable,c2,1270
1273,Variable,c3,1270
1274,Variable,instances_pool,1270
1275,Variable,cm1,1270
1276,Variable,cm2,1270
1277,Variable,cm3,1270
1278,File,C:\Users\wj86\Documents\gitrepo\python-workspace\python-patterns\structural\front_controller.py,1404
1279,Class,MobileView,1278
1280,Function,show_index_page,1279
1282,Function,__init__,1279
1283,Class,TabletView,1278
1284,Function,show_index_page,1283
1286,Function,__init__,1283
1287,Class,Dispatcher,1278
1288,Function,__init__,1287
1290,Variable,mobile_view,1287
1291,Variable,tablet_view,1287
1292,Function,dispatch,1287
1295,Class,RequestController,1278
1296,Function,__init__,1295
1298,Variable,dispatcher,1295
1299,Function,dispatch_request,1295
1302,Class,Request,1278
1303,Variable,mobile_type,1302
1304,Variable,tablet_type,1302
1305,Function,__init__,1302
1308,Variable,type,1302
1309,Variable,type,1302
1310,Variable,type,1302
1311,Function,__main__,1278
1312,Variable,front_controller,1311
1313,File,C:\Users\wj86\Documents\gitrepo\python-workspace\python-patterns\structural\mvc.py,1404
1314,Class,Model,1313
1315,Function,__iter__,1314
1317,Function,get,1314
1320,Function,item_type,1314
1322,Function,__init__,1314
1323,Class,ProductModel,1313
1324,Class,Price,1323
1325,Variable,products,1323
1326,Variable,item_type,1323
1327,Function,__iter__,1323
1329,Function,get,1323
1332,Function,__init__,1323
1333,Class,View,1313
1334,Function,show_item_list,1333
1338,Function,show_item_information,1333
1343,Function,item_not_found,1333
1347,Function,__init__,1333
1348,Class,ConsoleView,1313
1349,Function,show_item_list,1348
1353,Function,capitalizer,1348
1355,Function,show_item_information,1348
1360,Variable,printout,1355
1361,Function,item_not_found,1348
1365,Function,__init__,1348
1366,Class,Controller,1313
1367,Function,__init__,1366
1371,Variable,model,1366
1372,Variable,view,1366
1373,Function,show_items,1366
1375,Variable,items,1373
1376,Variable,item_type,1373
1377,Function,show_item_information,1366
1380,Variable,item_info,1377
1381,Variable,item_type,1377
1382,Function,__main__,1313
1383,Variable,model,1382
1384,Variable,view,1382
1385,Variable,controller,1382
1386,File,C:\Users\wj86\Documents\gitrepo\python-workspace\python-patterns\structural\proxy.py,1404
1387,Class,SalesManager,1386
1388,Function,talk,1387
1390,Function,__init__,1387
1391,Class,Proxy,1386
1392,Function,__init__,1391
1394,Variable,busy,1391
1395,Variable,sales,1391
1396,Function,talk,1391
1398,Class,NoTalkProxy,1386
1399,Function,talk,1398
1401,Function,__init__,1398
1402,Function,__main__,1386
1403,Variable,p,1402
1404,Package,structural,-1
1405,File,C:\Users\wj86\Documents\gitrepo\python-workspace\python-patterns\structural\__init__.py,1404
1406,File,C:\Users\wj86\Documents\gitrepo\python-workspace\python-patterns\tests\test_abstract_factory.py,1879
1407,Class,TestPetShop,1406
1408,Function,test_dog_pet_shop_shall_show_dog_instance,1407
1410,Variable,dog_pet_shop,1408
1411,Function,__init__,1407
1412,File,C:\Users\wj86\Documents\gitrepo\python-workspace\python-patterns\tests\test_adapter.py,1879
1413,Class,ClassTest,1412
1414,Function,setUp,1413
1416,Function,test_dog_shall_bark,1413
1418,Variable,noise,1416
1419,Variable,expected_noise,1416
1420,Function,test_cat_shall_meow,1413
1422,Variable,noise,1420
1423,Variable,expected_noise,1420
1424,Function,test_human_shall_speak,1413
1426,Variable,noise,1424
1427,Variable,expected_noise,1424
1428,Function,test_car_shall_make_loud_noise,1413
1430,Variable,noise,1428
1431,Variable,expected_noise,1428
1432,Function,test_car_shall_make_very_loud_noise,1413
1434,Variable,noise,1432
1435,Variable,expected_noise,1432
1436,Function,__init__,1413
1437,Class,AdapterTest,1412
1438,Function,test_dog_adapter_shall_make_noise,1437
1440,Variable,dog,1438
1441,Variable,dog_adapter,1438
1442,Variable,noise,1438
1443,Variable,expected_noise,1438
1444,Function,test_cat_adapter_shall_make_noise,1437
1446,Variable,cat,1444
1447,Variable,cat_adapter,1444
1448,Variable,noise,1444
1449,Variable,expected_noise,1444
1450,Function,test_human_adapter_shall_make_noise,1437
1452,Variable,human,1450
1453,Variable,human_adapter,1450
1454,Variable,noise,1450
1455,Variable,expected_noise,1450
1456,Function,test_car_adapter_shall_make_loud_noise,1437
1458,Variable,car,1456
1459,Variable,car_adapter,1456
1460,Variable,noise,1456
1461,Variable,expected_noise,1456
1462,Function,test_car_adapter_shall_make_very_loud_noise,1437
1464,Variable,car,1462
1465,Variable,car_adapter,1462
1466,Variable,noise,1462
1467,Variable,expected_noise,1462
1468,Function,__init__,1437
1469,File,C:\Users\wj86\Documents\gitrepo\python-workspace\python-patterns\tests\test_borg.py,1879
1470,Class,BorgTest,1469
1471,Function,setUp,1470
1473,Function,test_initial_borg_state_shall_be_init,1470
1475,Variable,b,1473
1476,Function,test_changing_instance_attribute_shall_change_borg_state,1470
1478,Function,test_instances_shall_have_own_ids,1470
1480,Function,__init__,1470
1481,File,C:\Users\wj86\Documents\gitrepo\python-workspace\python-patterns\tests\test_bridge.py,1879
1482,Class,BridgeTest,1481
1483,Function,test_bridge_shall_draw_with_concrete_api_implementation,1482
1485,Variable,ci1,1483
1486,Variable,ci2,1483
1487,Variable,sh1,1483
1488,Variable,sh2,1483
1489,Function,test_bridge_shall_scale_both_api_circles_with_own_implementation,1482
1491,Variable,SCALE_FACTOR,1489
1492,Variable,CIRCLE_FACTOR,1489
1493,Variable,CIRCLE1_RADIUS,1489
1494,Variable,EXPECTED_CIRCLE1_RADIUS,1489
1495,Variable,CIRCLE2_RADIUS,1489
1496,Variable,EXPECTED_CIRCLE2_RADIUS,1489
1497,Variable,ci1,1489
1498,Variable,ci2,1489
1499,Variable,sh1,1489
1500,Variable,sh2,1489
1501,Function,__init__,1482
1502,File,C:\Users\wj86\Documents\gitrepo\python-workspace\python-patterns\tests\test_builder.py,1879
1503,Class,TestSimple,1502
1504,Function,test_house,1503
1506,Variable,house,1504
1507,Function,test_flat,1503
1509,Variable,flat,1507
1510,Function,__init__,1503
1511,Class,TestComplex,1502
1512,Function,test_house,1511
1514,Variable,house,1512
1515,Function,__init__,1511
1516,File,C:\Users\wj86\Documents\gitrepo\python-workspace\python-patterns\tests\test_command.py,1879
1517,Class,CommandTest,1516
1518,Function,__get_test_directory,1517
1520,Function,setUpClass,1517
1522,Function,test_sequential_execution,1517
1524,Variable,output_after_first_execution,1522
1525,Variable,output_after_second_execution,1522
1526,Function,test_sequential_undo,1517
1528,Variable,output_after_first_undo,1526
1529,Variable,output_after_second_undo,1526
1530,Function,tearDownClass,1517
1532,Function,__init__,1517
1533,File,C:\Users\wj86\Documents\gitrepo\python-workspace\python-patterns\tests\test_constructor_injection.py,1879
1534,Class,ConstructorInjectionTest,1533
1535,Function,test_display_current_time_at_midnight,1534
1537,Variable,time_provider_stub,1535
1538,Variable,class_under_test,1535
1539,Variable,expected_time,1535
1540,Function,test_display_current_time_at_current_time,1534
1542,Variable,production_code_time_provider,1540
1543,Variable,class_under_test,1540
1544,Variable,current_time,1540
1545,Variable,expected_time,1540
1546,Function,__init__,1534
1547,File,C:\Users\wj86\Documents\gitrepo\python-workspace\python-patterns\tests\test_decorator.py,1879
1548,Class,TestTextWrapping,1547
1549,Function,setUp,1548
1551,Function,test_italic,1548
1553,Function,test_bold,1548
1555,Function,test_mixed_bold_and_italic,1548
1557,Function,__init__,1548
1558,File,C:\Users\wj86\Documents\gitrepo\python-workspace\python-patterns\tests\test_facade.py,1879
1559,Class,TestRunnerFacilities,1558
1560,Function,setUp,1559
1562,Function,tearDown,1559
1564,Function,test_tc1_output,1559
1566,Variable,output,1564
1567,Function,test_tc2_output,1559
1569,Variable,output,1567
1570,Function,test_tc3_output,1559
1572,Variable,output,1570
1573,Function,test_bunch_launch,1559
1575,Variable,output,1573
1576,Function,__init__,1559
1577,File,C:\Users\wj86\Documents\gitrepo\python-workspace\python-patterns\tests\test_factory_method.py,1879
1578,Class,TestLocalizer,1577
1579,Function,setUp,1578
1581,Function,test_parrot_eng_localization,1578
1583,Function,test_parrot_greek_localization,1578
1585,Function,test_dog_eng_localization,1578
1587,Function,test_dog_greek_localization,1578
1589,Function,test_cat_eng_localization,1578
1591,Function,test_cat_greek_localization,1578
1593,Function,test_bear_eng_localization,1578
1595,Function,test_bear_greek_localization,1578
1597,Function,__init__,1578
1598,File,C:\Users\wj86\Documents\gitrepo\python-workspace\python-patterns\tests\test_flyweight.py,1879
1599,Class,TestCard,1598
1600,Function,test_instances_shall_reference_same_object,1599
1602,Variable,c1,1600
1603,Variable,c2,1600
1604,Function,test_instances_with_different_suit,1599
1606,Variable,c1,1604
1607,Variable,c2,1604
1608,Function,test_instances_with_different_values,1599
1610,Variable,c1,1608
1611,Variable,c2,1608
1612,Function,test_instances_shall_share_additional_attributes,1599
1614,Variable,expected_attribute_name,1612
1615,Variable,expected_attribute_value,1612
1616,Variable,c1,1612
1617,Variable,c2,1612
1618,Function,__init__,1599
1619,File,C:\Users\wj86\Documents\gitrepo\python-workspace\python-patterns\tests\test_hsm.py,1879
1620,Class,HsmMethodTest,1619
1621,Function,setUpClass,1620
1623,Function,test_initial_state_shall_be_standby,1620
1625,Function,test_unsupported_state_shall_raise_exception,1620
1627,Function,test_unsupported_message_type_shall_raise_exception,1620
1629,Function,test_calling_next_state_shall_change_current_state,1620
1631,Function,test_method_perform_switchover_shall_return_specifically,1620
1633,Variable,return_value,1631
1634,Variable,expected_return_value,1631
1635,Function,__init__,1620
1636,Class,StandbyStateTest,1619
1637,Function,setUpClass,1636
1639,Function,setUp,1636
1641,Function,test_given_standby_on_message_switchover_shall_set_active,1636
1643,Function,test_given_standby_on_message_switchover_shall_call_hsm_methods,1636
1645,Function,test_given_standby_on_message_fault_trigger_shall_set_suspect,1636
1647,Function,test_given_standby_on_message_diagnostics_failed_shall_raise_exception_and_keep_in_state,1636
1649,Function,test_given_standby_on_message_diagnostics_passed_shall_raise_exception_and_keep_in_state,1636
1651,Function,test_given_standby_on_message_operator_inservice_shall_raise_exception_and_keep_in_state,1636
1653,Function,__init__,1636
1654,File,C:\Users\wj86\Documents\gitrepo\python-workspace\python-patterns\tests\test_lazy.py,1879
1655,Class,TestDynamicExpanding,1654
1656,Function,setUp,1655
1658,Function,test_innate_properties,1655
1660,Function,test_relatives_not_in_properties,1655
1662,Function,test_extended_properties,1655
1664,Function,test_relatives_after_access,1655
1666,Function,test_parents,1655
1668,Function,__init__,1655
1669,File,C:\Users\wj86\Documents\gitrepo\python-workspace\python-patterns\tests\test_observer.py,1879
1670,Class,TestSubject,1669
1671,Function,setUpClass,1670
1673,Function,test_a_observer_list_shall_be_empty_initially,1670
1675,Function,test_b_observers_shall_be_attachable,1670
1677,Function,test_c_observers_shall_be_detachable,1670
1679,Function,__init__,1670
1680,Class,TestData,1669
1681,Function,setUpClass,1680
1683,Function,test_data_change_shall_notify_all_observers_once,1680
1685,Function,test_data_value_shall_be_changeable,1680
1687,Function,test_data_name_shall_be_changeable,1680
1689,Function,__init__,1680
1690,File,C:\Users\wj86\Documents\gitrepo\python-workspace\python-patterns\tests\test_parameter_injection.py,1879
1691,Class,ParameterInjectionTest,1690
1692,Function,test_display_current_time_at_midnight,1691
1694,Variable,time_provider_stub,1692
1695,Variable,class_under_test,1692
1696,Variable,expected_time,1692
1697,Function,test_display_current_time_at_current_time,1691
1699,Variable,production_code_time_provider,1697
1700,Variable,class_under_test,1697
1701,Variable,current_time,1697
1702,Variable,expected_time,1697
1703,Function,__init__,1691
1704,File,C:\Users\wj86\Documents\gitrepo\python-workspace\python-patterns\tests\test_pool.py,1879
1705,Class,TestPool,1704
1706,Function,setUp,1705
1708,Function,test_items_recoil,1705
1710,Function,test_frozen_pool,1705
1712,Function,__init__,1705
1713,Class,TestNaitivePool,1704
1714,Function,test_pool_behavior_with_single_object_inside,1713
1716,Variable,sample_queue,1714
1717,Function,__init__,1713
1718,File,C:\Users\wj86\Documents\gitrepo\python-workspace\python-patterns\tests\test_prototype.py,1879
1719,Class,TestPrototypeFeatures,1718
1720,Function,setUp,1719
1722,Function,test_cloning_propperty_innate_values,1719
1724,Variable,sample_object_1,1722
1725,Variable,sample_object_2,1722
1726,Function,test_extended_property_values_cloning,1719
1728,Variable,sample_object_1,1726
1729,Variable,sample_object_2,1726
1730,Function,test_cloning_propperty_assigned_values,1719
1732,Variable,sample_object_1,1730
1733,Variable,sample_object_2,1730
1734,Function,__init__,1719
1735,Class,TestDispatcherFeatures,1718
1736,Function,setUp,1735
1738,Variable,c,1736
1739,Variable,a,1736
1740,Variable,b,1736
1741,Function,test_batch_retrieving,1735
1743,Function,test_particular_properties_retrieving,1735
1745,Function,test_extended_properties_retrieving,1735
1747,Function,__init__,1735
1748,File,C:\Users\wj86\Documents\gitrepo\python-workspace\python-patterns\tests\test_proxy.py,1879
1749,Class,ProxyTest,1748
1750,Function,setUpClass,1749
1752,Function,setUp,1749
1754,Function,tearDown,1749
1756,Function,test_sales_manager_shall_talk_through_proxy_with_delay,1749
1758,Variable,start_time,1756
1759,Variable,end_time,1756
1760,Variable,execution_time,1756
1761,Variable,print_output,1756
1762,Variable,expected_print_output,1756
1763,Variable,expected_execution_time,1756
1764,Function,test_sales_manager_shall_respond_through_proxy_with_delay,1749
1766,Variable,start_time,1764
1767,Variable,end_time,1764
1768,Variable,execution_time,1764
1769,Variable,print_output,1764
1770,Variable,expected_print_output,1764
1771,Variable,expected_execution_time,1764
1772,Function,__init__,1749
1773,Class,NoTalkProxyTest,1748
1774,Function,setUpClass,1773
1776,Function,setUp,1773
1778,Function,tearDown,1773
1780,Function,test_sales_manager_shall_not_talk_through_proxy_with_delay,1773
1782,Variable,start_time,1780
1783,Variable,end_time,1780
1784,Variable,execution_time,1780
1785,Variable,print_output,1780
1786,Variable,expected_print_output,1780
1787,Variable,expected_execution_time,1780
1788,Function,test_sales_manager_shall_not_respond_through_proxy_with_delay,1773
1790,Variable,start_time,1788
1791,Variable,end_time,1788
1792,Variable,execution_time,1788
1793,Variable,print_output,1788
1794,Variable,expected_print_output,1788
1795,Variable,expected_execution_time,1788
1796,Function,__init__,1773
1797,File,C:\Users\wj86\Documents\gitrepo\python-workspace\python-patterns\tests\test_publish_subscribe.py,1879
1798,Class,TestProvider,1797
1799,Function,test_subscriber_shall_be_attachable_to_subscriptions,1798
1801,Variable,subscription,1799
1802,Variable,pro,1799
1803,Variable,sub,1799
1804,Function,test_subscriber_shall_be_detachable_from_subscriptions,1798
1806,Variable,subscription,1804
1807,Variable,pro,1804
1808,Variable,sub,1804
1809,Function,test_publisher_shall_append_subscription_message_to_queue,1798
1811,Variable,expected_msg,1809
1812,Variable,pro,1809
1813,Variable,pub,1809
1814,Variable,sub,1809
1815,Function,test_provider_shall_update_affected_subscribers_with_published_subscription,1798
1817,Variable,pro,1815
1818,Variable,pub,1815
1819,Variable,sub1,1815
1820,Variable,sub2,1815
1821,Variable,expected_sub1_calls,1815
1822,Variable,expected_sub2_calls,1815
1823,Function,__init__,1798
1824,File,C:\Users\wj86\Documents\gitrepo\python-workspace\python-patterns\tests\test_setter_injection.py,1879
1825,Class,ParameterInjectionTest,1824
1826,Function,test_display_current_time_at_midnight,1825
1828,Variable,time_provider_stub,1826
1829,Variable,class_under_test,1826
1830,Variable,expected_time,1826
1831,Function,test_display_current_time_at_current_time,1825
1833,Variable,production_code_time_provider,1831
1834,Variable,class_under_test,1831
1835,Variable,current_time,1831
1836,Variable,expected_time,1831
1837,Function,__init__,1825
1838,File,C:\Users\wj86\Documents\gitrepo\python-workspace\python-patterns\tests\test_state.py,1879
1839,Class,RadioTest,1838
1840,Function,setUpClass,1839
1842,Function,test_initial_state,1839
1844,Variable,state,1842
1845,Variable,expected_state_name,1842
1846,Function,test_initial_am_station,1839
1848,Variable,station,1846
1849,Variable,expected_station,1846
1850,Function,test_2nd_am_station_after_scan,1839
1852,Variable,station,1850
1853,Variable,expected_station,1850
1854,Function,test_3rd_am_station_after_scan,1839
1856,Variable,station,1854
1857,Variable,expected_station,1854
1858,Function,test_am_station_overflow_after_scan,1839
1860,Variable,station,1858
1861,Variable,expected_station,1858
1862,Function,test_shall_toggle_from_am_to_fm,1839
1864,Variable,state,1862
1865,Variable,expected_state_name,1862
1866,Function,test_shall_toggle_from_fm_to_am,1839
1868,Variable,state,1866
1869,Variable,expected_state_name,1866
1870,Function,__init__,1839
1871,File,C:\Users\wj86\Documents\gitrepo\python-workspace\python-patterns\tests\test_strategy.py,1879
1872,Class,StrategyTest,1871
1873,Function,test_print_output,1872
1875,Variable,output,1873
1876,Variable,expected_output,1873
1877,Variable,expected_output_as_bytes,1873
1878,Function,__init__,1872
1879,Package,tests,-1
1880,File,C:\Users\wj86\Documents\gitrepo\python-workspace\python-patterns\tests\__init__.py,1879
