Source,Target,Type,PriType,Weight
10240,5166,Explicit,Call,0
2052,3991,Implicit,Call,0
2052,2189,Implicit,Call,0
2052,1357,Implicit,Use,0
2052,6191,Implicit,Call,0
2052,6191,Implicit,Use,0
6149,6135,Explicit,Call,0
12294,1635,Explicit,Call,0
6151,6135,Explicit,Call,0
4104,4086,Explicit,Call,0
14344,5166,Explicit,Call,0
6154,6135,Explicit,Call,0
14350,5166,Explicit,Call,0
2063,2067,Explicit,Call,0
2063,2072,Explicit,Call,0
12303,1635,Explicit,Call,0
19,3991,Implicit,Call,0
21,4023,Explicit,Call,0
14357,5166,Explicit,Call,0
12310,1635,Explicit,Call,0
4122,4114,Explicit,Call,0
4122,4023,Explicit,Call,0
4128,4148,Implicit,Call,0
4128,4148,Implicit,Use,0
14371,3251,Implicit,Use,0
14371,3991,Implicit,Call,0
14371,5048,Implicit,Call,0
14371,4078,Implicit,Call,0
14371,4078,Implicit,Use,0
14372,4035,Explicit,Call,0
14372,5166,Explicit,Call,0
4133,4164,Explicit,Use,0
12331,3251,Implicit,Use,0
12331,5048,Implicit,Call,0
2092,2090,Explicit,Call,0
6191,6616,Implicit,Call,0
6191,6744,Implicit,Call,0
6191,1357,Implicit,Call,0
6191,1357,Implicit,Use,0
12336,12339,Explicit,Call,0
8241,3244,Explicit,Call,0
6193,6618,Implicit,Call,0
6194,6608,Explicit,Call,0
2098,6576,Implicit,Call,0
2098,6339,Implicit,Call,0
2098,6339,Implicit,Use,0
2098,2085,Implicit,Call,0
2098,2085,Implicit,Use,0
2098,2077,Implicit,Call,0
4149,4154,Explicit,Use,0
4149,4158,Explicit,Use,0
8250,3991,Implicit,Call,0
8250,5048,Implicit,Call,0
2109,2173,Explicit,Call,0
63,6616,Implicit,Call,0
2113,2162,Explicit,Call,0
2113,2116,Explicit,Call,0
67,64,Explicit,Call,0
6211,6707,Explicit,Call,0
12355,12336,Explicit,Call,0
12355,5166,Explicit,Call,0
14403,14406,Explicit,Use,0
14403,14408,Explicit,Use,0
8262,8253,Implicit,Call,0
12359,12336,Explicit,Call,0
2121,2178,Explicit,Call,0
2121,2182,Explicit,Call,0
4169,4029,Explicit,Call,0
14409,4177,Explicit,Call,0
14409,5166,Explicit,Call,0
12364,12336,Explicit,Call,0
6222,6193,Implicit,Call,0
6222,6193,Implicit,Use,0
6222,6618,Implicit,Call,0
79,81,Explicit,Call,0
79,82,Explicit,Call,0
8271,4038,Explicit,Call,0
4177,4029,Explicit,Call,0
10321,6173,Implicit,Call,0
83,70,Explicit,Call,0
85,87,Explicit,Call,0
12373,12336,Explicit,Call,0
4182,4166,Explicit,Call,0
6231,6211,Explicit,Use,0
12375,12339,Explicit,Call,0
4186,4166,Explicit,Call,0
2139,2180,Explicit,Call,0
2139,2181,Explicit,Call,0
2140,2139,Explicit,Call,0
12380,12339,Explicit,Call,0
4189,4186,Explicit,Call,0
14430,14428,Explicit,Call,0
8289,5166,Explicit,Call,0
4195,4186,Explicit,Call,0
2148,2098,Implicit,Call,0
2150,2145,Explicit,Call,0
2150,2178,Explicit,Call,0
2150,2184,Explicit,Call,0
2150,2140,Explicit,Call,0
2150,2092,Explicit,Call,0
4198,4195,Explicit,Call,0
12390,12339,Explicit,Call,0
14438,14428,Explicit,Call,0
8295,5166,Explicit,Call,0
4200,4186,Explicit,Call,0
6249,6217,Explicit,Call,0
10345,10330,Explicit,Call,0
8298,5166,Explicit,Call,0
12396,12339,Explicit,Call,0
4205,4200,Explicit,Call,0
6253,6222,Implicit,Call,0
4207,4200,Explicit,Call,0
10352,10338,Implicit,Call,0
10352,6174,Implicit,Call,0
10353,10322,Explicit,Call,0
12401,12339,Explicit,Call,0
2162,4023,Explicit,Call,0
14450,5166,Explicit,Call,0
10357,10322,Explicit,Call,0
14453,4258,Explicit,Call,0
2165,2098,Implicit,Call,0
2166,2145,Explicit,Call,0
2166,2178,Explicit,Call,0
2166,4023,Explicit,Call,0
2166,2140,Explicit,Call,0
2166,2092,Explicit,Call,0
14458,4260,Implicit,Call,0
10362,786,Implicit,Call,0
10362,3991,Implicit,Call,0
10362,5048,Implicit,Call,0
10362,907,Implicit,Call,0
10362,815,Implicit,Call,0
14460,4266,Explicit,Call,0
2173,2340,Explicit,Call,0
2173,2175,Explicit,Use,0
14464,4266,Explicit,Call,0
4225,4520,Implicit,Call,0
14469,4266,Explicit,Call,0
12422,12428,Explicit,Use,0
6282,6280,Explicit,Call,0
6282,6733,Explicit,Call,0
14474,4266,Explicit,Call,0
14474,14479,Explicit,Use,0
2189,3251,Implicit,Use,0
2189,2036,Implicit,Use,0
2189,4565,Implicit,Use,0
2189,3991,Implicit,Call,0
2189,3991,Implicit,Use,0
2189,6616,Implicit,Call,0
2189,3787,Implicit,Call,0
2189,3787,Implicit,Use,0
2189,1357,Implicit,Call,0
2189,1357,Implicit,Use,0
14482,4266,Explicit,Call,0
4243,4238,Explicit,Call,0
2200,2203,Explicit,Use,0
6296,6272,Explicit,Use,0
6296,6275,Explicit,Use,0
14490,4268,Implicit,Call,0
14494,4272,Explicit,Call,0
14494,14492,Explicit,Call,0
8353,4038,Explicit,Call,0
6306,6311,Explicit,Call,0
12451,12444,Explicit,Call,0
166,6691,Explicit,Call,0
8358,4038,Explicit,Call,0
2215,2273,Explicit,Use,0
2215,2211,Explicit,Call,0
14505,4272,Explicit,Call,0
172,67,Explicit,Call,0
172,174,Explicit,Call,0
172,175,Explicit,Call,0
10412,5166,Explicit,Call,0
8366,4038,Explicit,Call,0
8370,4038,Explicit,Call,0
4274,4225,Implicit,Call,0
4274,1297,Implicit,Use,0
4274,4260,Implicit,Call,0
4274,4148,Implicit,Call,0
4274,455,Implicit,Set,0
4274,455,Implicit,Use,0
4274,1227,Implicit,Call,0
4274,4268,Implicit,Call,0
4274,3324,Implicit,Call,0
4274,4254,Implicit,Call,0
4275,4292,Explicit,Use,0
4275,4294,Explicit,Call,0
4275,4488,Explicit,Use,0
4275,4409,Explicit,Use,0
4275,4301,Explicit,Call,0
10421,10364,Explicit,Call,0
8374,4038,Explicit,Call,0
14522,5048,Implicit,Call,0
14522,5195,Implicit,Call,0
14522,5195,Implicit,Use,0
10427,10421,Explicit,Call,0
2236,2231,Explicit,Call,0
2236,2248,Explicit,Call,0
10429,10421,Explicit,Call,0
190,192,Explicit,Call,0
190,193,Explicit,Call,0
14526,5236,Implicit,Call,0
14526,5236,Implicit,Use,0
14526,5263,Implicit,Call,0
14527,5250,Explicit,Call,0
14527,5254,Explicit,Call,0
14527,5241,Explicit,Use,0
14527,5166,Explicit,Call,0
10432,10421,Explicit,Call,0
194,142,Explicit,Call,0
10435,10421,Explicit,Call,0
6339,6304,Implicit,Call,0
6339,6576,Implicit,Call,0
6339,6516,Implicit,Call,0
6339,6390,Implicit,Call,0
6339,6540,Implicit,Call,0
12483,2052,Implicit,Use,0
12483,1357,Implicit,Use,0
4292,4272,Explicit,Call,0
4292,4258,Explicit,Call,0
14532,5166,Explicit,Call,0
12484,2098,Implicit,Use,0
12484,2148,Implicit,Use,0
12484,2165,Implicit,Use,0
8389,5166,Explicit,Call,0
198,142,Explicit,Call,0
4294,4296,Explicit,Use,0
10438,10421,Explicit,Call,0
14534,5259,Explicit,Call,0
14534,5166,Explicit,Call,0
2248,2244,Explicit,Call,0
8392,5166,Explicit,Call,0
10441,10421,Explicit,Call,0
8395,4038,Explicit,Call,0
10446,10421,Explicit,Call,0
4303,4310,Explicit,Call,0
8400,4038,Explicit,Call,0
10449,10421,Explicit,Call,0
14546,14539,Explicit,Use,0
14546,5166,Explicit,Call,0
14546,5198,Explicit,Call,0
6355,6745,Explicit,Call,0
14548,14539,Explicit,Use,0
14548,5198,Explicit,Call,0
14550,14539,Explicit,Use,0
14550,5198,Explicit,Call,0
8406,3251,Implicit,Use,0
8406,4565,Implicit,Call,0
8406,4565,Implicit,Use,0
8406,5048,Implicit,Call,0
8406,3787,Implicit,Use,0
8406,2189,Implicit,Call,0
8406,6191,Implicit,Call,0
10455,10421,Explicit,Call,0
8407,3916,Implicit,Use,0
8408,5166,Explicit,Call,0
216,4565,Implicit,Use,0
14553,14546,Explicit,Call,0
14553,14548,Explicit,Call,0
2266,2340,Explicit,Call,0
10458,10421,Explicit,Call,0
6363,6355,Explicit,Call,0
4316,4303,Explicit,Call,0
10461,10421,Explicit,Call,0
14559,5166,Explicit,Call,0
14559,5198,Explicit,Call,0
14559,14543,Explicit,Use,0
10464,10421,Explicit,Call,0
4321,4331,Explicit,Call,0
6369,6473,Explicit,Call,0
6369,6363,Explicit,Call,0
14561,5198,Explicit,Call,0
14561,14543,Explicit,Use,0
10467,10421,Explicit,Call,0
14563,14566,Explicit,Call,0
14563,14566,Explicit,Use,0
14563,5166,Explicit,Call,0
14563,5198,Explicit,Call,0
4324,4316,Explicit,Call,0
10470,10421,Explicit,Call,0
4327,4324,Explicit,Call,0
14568,14573,Explicit,Call,0
14568,14573,Explicit,Use,0
14568,5198,Explicit,Call,0
10473,10421,Explicit,Call,0
6378,6355,Explicit,Call,0
4331,4303,Explicit,Call,0
8428,5166,Explicit,Call,0
10476,10421,Explicit,Call,0
10476,4023,Explicit,Call,0
6382,6355,Explicit,Call,0
14574,14577,Explicit,Call,0
14574,14577,Explicit,Use,0
14574,5166,Explicit,Call,0
14574,5198,Explicit,Call,0
2286,4773,Implicit,Use,0
2286,4709,Implicit,Use,0
2286,2407,Implicit,Call,0
2286,2442,Implicit,Call,0
2286,2442,Implicit,Use,0
2286,2191,Implicit,Call,0
4335,4303,Explicit,Call,0
8432,5166,Explicit,Call,0
10481,10421,Explicit,Call,0
14578,14581,Explicit,Call,0
14578,14581,Explicit,Use,0
14578,5166,Explicit,Call,0
14578,5198,Explicit,Call,0
4339,4342,Explicit,Call,0
10484,10421,Explicit,Call,0
6390,6576,Implicit,Call,0
6390,6339,Implicit,Call,0
6390,6516,Implicit,Call,0
6390,6598,Implicit,Call,0
6390,6618,Implicit,Call,0
6390,6506,Implicit,Call,0
6390,6556,Implicit,Call,0
6390,6540,Implicit,Call,0
6390,6590,Implicit,Call,0
6390,6526,Implicit,Call,0
10487,10421,Explicit,Call,0
14584,5227,Explicit,Call,0
14584,5166,Explicit,Call,0
10490,10421,Explicit,Call,0
4347,4344,Explicit,Call,0
252,259,Explicit,Call,0
2300,2401,Explicit,Call,0
10493,10421,Explicit,Call,0
14589,5227,Explicit,Call,0
14591,5227,Explicit,Call,0
14591,5166,Explicit,Call,0
14593,5227,Explicit,Call,0
14593,5166,Explicit,Call,0
10498,10421,Explicit,Call,0
10501,820,Explicit,Call,0
14597,5227,Explicit,Call,0
10503,10421,Explicit,Call,0
14599,5227,Explicit,Call,0
4361,3356,Explicit,Call,0
14601,5227,Explicit,Call,0
6411,6408,Explicit,Call,0
6415,6400,Explicit,Call,0
6415,6424,Explicit,Call,0
14607,5227,Explicit,Call,0
14607,5166,Explicit,Call,0
4368,3356,Explicit,Call,0
4368,4430,Explicit,Call,0
14609,5227,Explicit,Call,0
273,3991,Implicit,Call,0
10515,820,Explicit,Call,0
14611,5227,Explicit,Call,0
14611,5166,Explicit,Call,0
2326,2329,Explicit,Call,0
10518,820,Explicit,Call,0
14614,3251,Implicit,Call,0
14614,5365,Implicit,Call,0
14614,5365,Implicit,Set,0
14614,3787,Implicit,Call,0
14614,6191,Implicit,Call,0
14616,5377,Explicit,Call,0
2329,2401,Explicit,Call,0
10522,820,Explicit,Call,0
283,4023,Explicit,Call,0
4380,4434,Explicit,Call,0
10526,820,Explicit,Call,0
6432,6408,Explicit,Call,0
4386,4331,Explicit,Call,0
4386,4397,Explicit,Call,0
10530,820,Explicit,Call,0
14627,5392,Explicit,Call,0
2340,2355,Explicit,Call,0
2340,2298,Explicit,Use,0
8484,4816,Implicit,Use,0
8484,5004,Implicit,Use,0
10534,820,Explicit,Call,0
6439,6432,Explicit,Call,0
6439,6404,Explicit,Call,0
6439,6454,Explicit,Call,0
6439,6424,Explicit,Call,0
6439,6411,Explicit,Call,0
6439,6415,Explicit,Call,0
2344,2401,Explicit,Call,0
2344,2354,Explicit,Use,0
2344,2387,Explicit,Call,0
2344,2308,Explicit,Use,0
2344,2329,Explicit,Call,0
4392,4397,Explicit,Call,0
14632,6339,Implicit,Call,0
14632,5385,Implicit,Call,0
10538,820,Explicit,Call,0
4397,4272,Explicit,Call,0
4397,4403,Explicit,Use,0
4397,517,Explicit,Set,0
4397,517,Explicit,Use,0
4397,4294,Explicit,Call,0
10542,820,Explicit,Call,0
14639,14633,Explicit,Call,0
305,310,Implicit,Call,0
2355,2361,Explicit,Call,0
10549,799,Explicit,Call,0
14645,14633,Explicit,Call,0
2358,2355,Explicit,Call,0
310,324,Implicit,Call,0
310,324,Implicit,Use,0
2361,2372,Explicit,Call,0
2361,2302,Explicit,Call,0
4409,1249,Explicit,Call,0
4409,4339,Explicit,Call,0
4409,1251,Explicit,Call,0
4409,1238,Explicit,Call,0
4409,4397,Explicit,Call,0
8505,5166,Explicit,Call,0
10553,799,Explicit,Call,0
6458,6467,Explicit,Call,0
6458,6612,Explicit,Call,0
6458,6439,Explicit,Call,0
14651,5414,Explicit,Call,0
10557,799,Explicit,Call,0
10562,799,Explicit,Call,0
4419,4423,Explicit,Call,0
6467,1431,Explicit,Call,0
2372,1378,Explicit,Call,0
2372,4029,Explicit,Call,0
4423,1431,Explicit,Call,0
10567,799,Explicit,Call,0
6473,6458,Explicit,Call,0
4426,1686,Explicit,Call,0
4426,4423,Explicit,Call,0
14667,5369,Explicit,Call,0
14667,5374,Explicit,Call,0
10572,799,Explicit,Call,0
4430,4426,Explicit,Call,0
10577,799,Explicit,Call,0
14673,3251,Implicit,Use,0
14673,3991,Implicit,Call,0
14673,3991,Implicit,Use,0
14673,5048,Implicit,Call,0
14673,5419,Implicit,Call,0
14673,6191,Implicit,Call,0
4434,4439,Explicit,Call,0
14674,5518,Implicit,Call,0
2387,2435,Explicit,Call,0
2387,2393,Explicit,Call,0
2387,4029,Explicit,Call,0
6484,6487,Explicit,Call,0
4439,4375,Explicit,Call,0
4439,4443,Explicit,Call,0
2393,1367,Explicit,Call,0
2393,1421,Explicit,Call,0
2393,2367,Explicit,Call,0
4443,4361,Explicit,Call,0
4443,4331,Explicit,Call,0
4443,4430,Explicit,Call,0
14686,5166,Explicit,Call,0
350,3991,Implicit,Call,0
8543,4709,Implicit,Use,0
8543,2602,Implicit,Call,0
8543,5004,Implicit,Call,0
2401,2211,Explicit,Call,0
2401,2205,Explicit,Call,0
14691,14695,Explicit,Use,0
14691,14696,Explicit,Use,0
14691,14697,Explicit,Use,0
14691,5166,Explicit,Call,0
10596,10364,Explicit,Call,0
357,4035,Explicit,Call,0
2405,2300,Explicit,Use,0
10599,10364,Explicit,Call,0
8555,8561,Explicit,Use,0
8555,8562,Explicit,Use,0
14700,14704,Explicit,Use,0
14700,5166,Explicit,Call,0
14700,14703,Explicit,Use,0
4464,4454,Explicit,Call,0
4464,4476,Explicit,Call,0
14707,14711,Explicit,Use,0
14707,14712,Explicit,Use,0
14707,5166,Explicit,Call,0
377,369,Explicit,Call,0
377,385,Explicit,Call,0
385,382,Explicit,Call,0
4482,4464,Explicit,Call,0
4485,4464,Explicit,Call,0
392,377,Explicit,Call,0
4488,4480,Explicit,Call,0
4488,4464,Explicit,Call,0
2442,2468,Implicit,Call,0
6540,6547,Implicit,Call,0
4494,4480,Explicit,Call,0
4494,4501,Explicit,Call,0
10640,10421,Explicit,Call,0
2452,1413,Explicit,Call,0
2452,1421,Explicit,Call,0
4501,4035,Explicit,Call,0
4501,4038,Explicit,Call,0
4501,4023,Explicit,Call,0
12695,12699,Explicit,Use,0
414,417,Explicit,Call,0
414,412,Explicit,Call,0
414,413,Explicit,Call,0
414,398,Explicit,Call,0
4510,4520,Implicit,Call,0
4514,4549,Explicit,Call,0
421,414,Explicit,Call,0
424,421,Explicit,Call,0
430,428,Explicit,Call,0
10671,3251,Implicit,Use,0
10671,3991,Implicit,Call,0
10671,440,Implicit,Call,0
10671,440,Implicit,Use,0
10671,815,Implicit,Call,0
10671,815,Implicit,Set,0
10671,815,Implicit,Use,0
10671,6191,Implicit,Call,0
435,430,Explicit,Call,0
4531,4537,Explicit,Call,0
436,1357,Implicit,Call,0
2485,1421,Explicit,Call,0
2485,4029,Explicit,Call,0
10677,568,Explicit,Call,0
4534,4537,Explicit,Call,0
439,1437,Explicit,Call,0
10680,10677,Explicit,Call,0
10680,6215,Explicit,Call,0
10680,4029,Explicit,Call,0
14776,4029,Explicit,Call,0
440,6160,Implicit,Call,0
440,6120,Implicit,Call,0
440,815,Implicit,Call,0
440,815,Implicit,Use,0
4537,4528,Explicit,Call,0
4537,4544,Explicit,Call,0
4537,4547,Explicit,Use,0
2492,2500,Explicit,Use,0
2492,1373,Explicit,Call,0
14781,4029,Explicit,Call,0
14786,14788,Explicit,Use,0
2500,2485,Explicit,Call,0
4549,4555,Explicit,Call,0
10693,10690,Explicit,Call,0
10693,10677,Explicit,Call,0
14790,4029,Explicit,Call,0
455,6161,Implicit,Call,0
455,605,Implicit,Call,0
456,533,Explicit,Call,0
2504,2438,Explicit,Call,0
2504,1388,Explicit,Call,0
4552,4555,Explicit,Call,0
10697,10690,Explicit,Call,0
10697,10677,Explicit,Call,0
4555,4528,Explicit,Call,0
4555,4544,Explicit,Call,0
4555,4547,Explicit,Use,0
4555,4029,Explicit,Call,0
6603,1431,Explicit,Call,0
14796,4038,Explicit,Call,0
8657,5004,Implicit,Use,0
10706,10708,Explicit,Use,0
10706,10680,Explicit,Call,0
4565,6160,Implicit,Call,0
4565,1650,Implicit,Call,0
4565,3251,Implicit,Call,0
4565,2036,Implicit,Use,0
4565,3991,Implicit,Call,0
4565,3991,Implicit,Use,0
4565,3787,Implicit,Call,0
4565,3787,Implicit,Use,0
4565,3500,Implicit,Call,0
4565,1357,Implicit,Call,0
4565,1357,Implicit,Use,0
4565,2189,Implicit,Call,0
4565,2189,Implicit,Use,0
4565,6191,Implicit,Call,0
4565,6191,Implicit,Set,0
4565,6191,Implicit,Use,0
14806,5554,Explicit,Call,0
6616,6191,Implicit,Call,0
6616,6191,Implicit,Use,0
10713,10680,Explicit,Call,0
10713,10715,Explicit,Use,0
476,496,Explicit,Call,0
476,549,Explicit,Call,0
476,503,Explicit,Call,0
476,472,Explicit,Call,0
476,538,Explicit,Call,0
476,559,Explicit,Call,0
6620,6712,Explicit,Call,0
6620,6716,Explicit,Call,0
6620,6716,Explicit,Use,0
4574,4576,Explicit,Use,0
8671,4709,Implicit,Use,0
12773,12769,Explicit,Call,0
4582,4983,Explicit,Call,0
4582,4969,Explicit,Call,0
2536,2529,Explicit,Call,0
2536,2529,Explicit,Use,0
12778,12769,Explicit,Call,0
14828,5166,Explicit,Call,0
14829,4020,Explicit,Call,0
12782,12769,Explicit,Call,0
14831,4029,Explicit,Call,0
496,509,Explicit,Call,0
12786,12769,Explicit,Call,0
2548,1424,Explicit,Call,0
4596,4601,Explicit,Call,0
10740,10742,Explicit,Use,0
10740,10680,Explicit,Call,0
10740,10747,Explicit,Use,0
503,509,Explicit,Call,0
12791,12769,Explicit,Call,0
2552,2548,Explicit,Call,0
2552,2492,Explicit,Call,0
6654,6659,Explicit,Call,0
4607,1413,Explicit,Call,0
4607,1421,Explicit,Call,0
4607,1373,Explicit,Call,0
14847,4023,Explicit,Call,0
513,624,Explicit,Call,0
513,517,Explicit,Call,0
12801,3251,Implicit,Use,0
10754,10756,Explicit,Use,0
10754,10680,Explicit,Call,0
14850,14853,Explicit,Use,0
14850,4038,Explicit,Call,0
14850,4038,Explicit,Use,0
14850,4029,Explicit,Call,0
14850,5166,Explicit,Call,0
6659,6733,Explicit,Call,0
517,6157,Explicit,Call,0
2565,2571,Explicit,Use,0
2565,1373,Explicit,Call,0
10758,10680,Explicit,Call,0
10758,10760,Explicit,Use,0
8711,6304,Implicit,Call,0
520,452,Explicit,Call,0
8712,5166,Explicit,Call,0
6665,6716,Explicit,Call,0
14859,4038,Explicit,Call,0
10764,10680,Explicit,Call,0
10764,10766,Explicit,Use,0
6669,6665,Explicit,Call,0
14861,4038,Explicit,Call,0
14861,4029,Explicit,Call,0
14861,5166,Explicit,Call,0
526,472,Explicit,Call,0
10768,10770,Explicit,Use,0
10768,10680,Explicit,Call,0
4625,4709,Implicit,Use,0
4625,4781,Implicit,Use,0
2583,2565,Explicit,Call,0
4631,4632,Explicit,Use,0
4631,4634,Explicit,Use,0
10775,10680,Explicit,Call,0
10775,10777,Explicit,Use,0
10775,10782,Explicit,Use,0
12827,3991,Implicit,Call,0
12827,5275,Implicit,Use,0
12827,2892,Implicit,Call,0
12827,2892,Implicit,Use,0
8732,4569,Explicit,Call,0
2593,2587,Explicit,Call,0
8737,4569,Explicit,Call,0
12834,12838,Explicit,Call,0
14882,14886,Explicit,Use,0
6691,6675,Explicit,Call,0
549,568,Explicit,Call,0
10789,10680,Explicit,Call,0
10789,10792,Explicit,Use,0
4648,4631,Explicit,Use,0
4648,1421,Explicit,Call,0
4650,4640,Explicit,Call,0
4650,4631,Explicit,Use,0
4650,1421,Explicit,Call,0
10794,10680,Explicit,Call,0
10794,10796,Explicit,Use,0
2602,2577,Implicit,Use,0
2602,2275,Implicit,Call,0
2602,2503,Implicit,Call,0
2602,2503,Implicit,Use,0
14891,5449,Explicit,Call,0
6700,6208,Explicit,Use,0
6700,6707,Explicit,Call,0
10801,10803,Explicit,Use,0
10801,10680,Explicit,Call,0
4657,4625,Implicit,Use,0
4657,5043,Implicit,Call,0
4657,4709,Implicit,Use,0
4657,4773,Implicit,Use,0
4657,4877,Implicit,Call,0
4657,4877,Implicit,Use,0
4657,3806,Implicit,Call,0
4657,3806,Implicit,Use,0
4658,4675,Explicit,Call,0
12850,12856,Explicit,Call,0
10804,10807,Explicit,Use,0
10804,10680,Explicit,Call,0
10804,10811,Explicit,Use,0
14900,5436,Explicit,Call,0
4661,1426,Explicit,Call,0
2615,1388,Explicit,Call,0
568,612,Explicit,Call,0
4664,4675,Explicit,Call,0
6712,6608,Explicit,Call,0
12856,12853,Explicit,Call,0
4667,4658,Explicit,Call,0
4667,1426,Explicit,Call,0
4667,4661,Explicit,Call,0
4667,2229,Explicit,Call,0
6716,6722,Explicit,Call,0
4671,4661,Explicit,Call,0
4671,4664,Explicit,Call,0
10817,10819,Explicit,Use,0
10817,10680,Explicit,Call,0
2627,2666,Explicit,Call,0
10820,10822,Explicit,Use,0
10820,10680,Explicit,Call,0
12870,12834,Explicit,Call,0
4679,4690,Explicit,Call,0
4679,4631,Explicit,Use,0
10823,10680,Explicit,Call,0
10823,10825,Explicit,Use,0
10823,828,Explicit,Call,0
10827,455,Implicit,Call,0
10827,455,Implicit,Use,0
6733,6725,Explicit,Call,0
2638,2644,Explicit,Call,0
2638,2632,Explicit,Call,0
2638,2681,Explicit,Call,0
2638,2651,Explicit,Use,0
4686,4690,Explicit,Call,0
12883,12828,Explicit,Call,0
597,601,Explicit,Call,0
4694,3894,Explicit,Call,0
4694,3590,Explicit,Call,0
4694,2215,Explicit,Call,0
4694,3834,Explicit,Call,0
6745,6754,Explicit,Call,0
12889,12828,Explicit,Call,0
605,6161,Implicit,Call,0
12895,12828,Explicit,Call,0
6754,6759,Explicit,Call,0
10851,4023,Explicit,Call,0
612,624,Explicit,Call,0
4709,4625,Implicit,Use,0
4709,6339,Implicit,Call,0
4709,6339,Implicit,Set,0
4709,6339,Implicit,Use,0
4709,4004,Implicit,Use,0
4709,3916,Implicit,Call,0
4709,3932,Implicit,Use,0
4709,3806,Implicit,Call,0
2662,2236,Explicit,Call,0
4710,4714,Explicit,Call,0
12903,12828,Explicit,Call,0
6761,6763,Implicit,Call,0
6761,6763,Implicit,Use,0
2666,1426,Explicit,Call,0
2666,2229,Explicit,Call,0
2666,1413,Explicit,Call,0
2666,1417,Explicit,Call,0
2666,1421,Explicit,Call,0
4714,6369,Explicit,Call,0
4714,6355,Explicit,Call,0
4714,1431,Explicit,Call,0
4714,4569,Explicit,Use,0
6763,1649,Implicit,Call,0
6763,3669,Implicit,Call,0
6763,6761,Implicit,Call,0
6763,6761,Implicit,Set,0
6763,6761,Implicit,Use,0
6763,906,Implicit,Set,0
6763,906,Implicit,Use,0
12911,12828,Explicit,Call,0
6767,1650,Implicit,Call,0
6767,3251,Implicit,Use,0
6767,3991,Implicit,Call,0
6767,5048,Implicit,Call,0
6767,2748,Implicit,Use,0
4722,3891,Explicit,Call,0
4722,4631,Explicit,Use,0
4722,4763,Explicit,Call,0
629,626,Explicit,Call,0
12919,12828,Explicit,Call,0
4727,4709,Implicit,Call,0
4727,3304,Implicit,Call,0
4727,3932,Implicit,Call,0
4727,3806,Implicit,Use,0
4728,3933,Explicit,Call,0
633,636,Explicit,Call,0
2681,2686,Explicit,Call,0
2686,3794,Explicit,Call,0
12929,12828,Explicit,Call,0
10882,513,Explicit,Call,0
10882,520,Explicit,Call,0
10882,476,Explicit,Call,0
2691,2693,Explicit,Call,0
4739,4743,Explicit,Call,0
14980,3251,Implicit,Use,0
14980,3991,Implicit,Call,0
14980,5048,Implicit,Call,0
14982,14990,Explicit,Call,0
8840,436,Implicit,Use,0
8840,4565,Implicit,Use,0
8840,5048,Implicit,Call,0
8840,5195,Implicit,Call,0
8840,1357,Implicit,Call,0
8840,2189,Implicit,Call,0
8840,2189,Implicit,Use,0
8840,4078,Implicit,Call,0
8841,8842,Explicit,Use,0
8841,8843,Explicit,Use,0
8841,1388,Explicit,Call,0
8841,8845,Explicit,Use,0
12937,12828,Explicit,Call,0
4750,4754,Explicit,Call,0
4750,4743,Explicit,Call,0
12945,12828,Explicit,Call,0
660,629,Explicit,Call,0
660,646,Explicit,Call,0
660,633,Explicit,Call,0
4757,4739,Explicit,Use,0
4757,4601,Explicit,Call,0
4757,4750,Explicit,Call,0
8854,2266,Explicit,Use,0
664,597,Explicit,Call,0
664,650,Explicit,Call,0
664,636,Explicit,Call,0
664,652,Explicit,Call,0
15000,4029,Explicit,Call,0
12953,12828,Explicit,Call,0
2714,2720,Explicit,Use,0
4763,4769,Explicit,Call,0
8860,4137,Explicit,Call,0
8860,2266,Explicit,Call,0
12959,12828,Explicit,Call,0
2721,2736,Explicit,Call,0
2721,2725,Explicit,Call,0
4769,2229,Explicit,Call,0
4773,6161,Implicit,Call,0
4773,4625,Implicit,Use,0
4773,3806,Implicit,Call,0
4774,4832,Explicit,Call,0
4774,3841,Explicit,Call,0
4774,1426,Explicit,Call,0
4774,4835,Explicit,Call,0
4774,4631,Explicit,Use,0
4774,3834,Explicit,Call,0
12966,12828,Explicit,Call,0
680,642,Explicit,Call,0
680,646,Explicit,Call,0
680,633,Explicit,Call,0
680,636,Explicit,Call,0
4776,4769,Explicit,Call,0
4776,3891,Explicit,Call,0
4776,4631,Explicit,Use,0
4781,4625,Implicit,Set,0
4781,4625,Implicit,Use,0
12974,12828,Explicit,Call,0
688,626,Explicit,Call,0
688,629,Explicit,Call,0
688,646,Explicit,Call,0
688,650,Explicit,Call,0
688,652,Explicit,Call,0
688,636,Explicit,Call,0
10929,538,Explicit,Call,0
10929,10938,Explicit,Use,0
4787,4631,Explicit,Set,0
4787,4631,Explicit,Use,0
4787,4783,Explicit,Call,0
2742,2736,Explicit,Call,0
12982,12828,Explicit,Call,0
4790,4625,Implicit,Call,0
4790,4625,Implicit,Set,0
4790,4625,Implicit,Use,0
4790,6193,Implicit,Call,0
4790,4781,Implicit,Use,0
4791,4631,Explicit,Set,0
4791,4631,Explicit,Use,0
4791,4763,Explicit,Call,0
4791,4638,Explicit,Call,0
4798,1413,Explicit,Call,0
4798,4631,Explicit,Use,0
4798,4569,Explicit,Use,0
10942,4038,Explicit,Call,0
12993,12828,Explicit,Call,0
706,629,Explicit,Call,0
10947,559,Explicit,Call,0
15044,4029,Explicit,Call,0
713,629,Explicit,Call,0
13001,12828,Explicit,Call,0
4810,4806,Explicit,Call,0
4816,4625,Implicit,Call,0
4816,4625,Implicit,Use,0
4816,3806,Implicit,Call,0
4817,3841,Explicit,Call,0
4817,4631,Explicit,Call,0
4817,4631,Explicit,Use,0
4817,4825,Explicit,Call,0
13010,12828,Explicit,Call,0
723,629,Explicit,Call,0
723,646,Explicit,Call,0
723,633,Explicit,Call,0
13017,12828,Explicit,Call,0
13025,12828,Explicit,Call,0
741,629,Explicit,Call,0
741,646,Explicit,Call,0
741,633,Explicit,Call,0
13032,12828,Explicit,Call,0
15080,5166,Explicit,Call,0
10987,10993,Explicit,Use,0
10987,10677,Explicit,Use,0
10987,476,Explicit,Call,0
8941,4709,Implicit,Use,0
8941,2442,Implicit,Use,0
8941,2286,Implicit,Call,0
13039,12828,Explicit,Call,0
6900,5166,Explicit,Call,0
10997,455,Implicit,Call,0
758,660,Explicit,Call,0
758,629,Explicit,Call,0
758,646,Explicit,Call,0
758,633,Explicit,Call,0
10998,469,Explicit,Call,0
10998,11003,Explicit,Use,0
13047,12828,Explicit,Call,0
4862,4854,Explicit,Call,0
4862,3581,Explicit,Call,0
767,626,Explicit,Call,0
767,646,Explicit,Call,0
767,650,Explicit,Call,0
767,636,Explicit,Call,0
767,652,Explicit,Call,0
13055,12828,Explicit,Call,0
15105,5590,Implicit,Call,0
15105,5048,Implicit,Call,0
15105,5419,Implicit,Call,0
8966,4137,Explicit,Call,0
8966,2266,Explicit,Call,0
8966,5227,Explicit,Call,0
8966,8972,Explicit,Call,0
8966,5166,Explicit,Call,0
13063,12828,Explicit,Call,0
4872,4854,Explicit,Call,0
11018,5048,Implicit,Call,0
13068,12828,Explicit,Call,0
11021,5166,Explicit,Call,0
4877,5043,Implicit,Use,0
4877,4838,Implicit,Call,0
8977,2266,Explicit,Call,0
11026,5166,Explicit,Call,0
13076,12828,Explicit,Call,0
790,794,Explicit,Call,0
790,799,Explicit,Call,0
794,797,Explicit,Call,0
13084,12828,Explicit,Call,0
4894,4914,Explicit,Call,0
4894,4932,Explicit,Call,0
4894,2438,Explicit,Call,0
4894,4920,Explicit,Call,0
4894,4906,Explicit,Call,0
799,808,Explicit,Call,0
13092,12828,Explicit,Call,0
4906,4959,Explicit,Call,0
13100,12828,Explicit,Call,0
15149,5166,Explicit,Call,0
815,6191,Implicit,Call,0
6960,5166,Explicit,Call,0
820,818,Explicit,Call,0
820,824,Explicit,Call,0
820,828,Explicit,Call,0
13109,3009,Explicit,Call,0
4920,1394,Explicit,Call,0
13112,3003,Explicit,Call,0
15163,5436,Explicit,Call,0
4926,4872,Explicit,Call,0
4926,4029,Explicit,Call,0
13118,12828,Explicit,Call,0
15170,5436,Explicit,Call,0
836,896,Explicit,Call,0
836,849,Explicit,Call,0
836,818,Explicit,Call,0
836,851,Explicit,Call,0
836,867,Explicit,Call,0
836,853,Explicit,Call,0
836,886,Explicit,Call,0
836,858,Explicit,Call,0
836,874,Explicit,Call,0
836,845,Explicit,Call,0
836,847,Explicit,Call,0
836,879,Explicit,Call,0
15176,5436,Explicit,Call,0
6985,6991,Explicit,Call,0
4940,1404,Explicit,Call,0
2892,6160,Implicit,Call,0
2892,2036,Implicit,Use,0
2892,3787,Implicit,Use,0
15182,5436,Explicit,Call,0
13135,2903,Explicit,Call,0
6994,7002,Explicit,Call,0
9042,2286,Implicit,Call,0
9043,5166,Explicit,Call,0
4950,4940,Explicit,Call,0
4950,1404,Explicit,Call,0
2903,2905,Explicit,Use,0
15192,5436,Explicit,Call,0
858,863,Explicit,Call,0
2907,2896,Implicit,Use,0
4959,4950,Explicit,Call,0
7010,4023,Explicit,Call,0
7010,7021,Explicit,Call,0
9058,2286,Implicit,Call,0
13157,12828,Explicit,Call,0
4969,4971,Explicit,Use,0
4969,3263,Explicit,Call,0
13162,12828,Explicit,Call,0
2923,2903,Explicit,Call,0
4971,4981,Explicit,Call,0
4971,1963,Explicit,Call,0
9067,9073,Explicit,Use,0
2927,2903,Explicit,Call,0
13167,12828,Explicit,Call,0
13172,3072,Explicit,Call,0
13172,3074,Explicit,Call,0
13172,3049,Explicit,Call,0
2933,3009,Explicit,Call,0
2933,2903,Explicit,Call,0
9078,9084,Explicit,Use,0
9078,9085,Explicit,Use,0
4983,4985,Explicit,Use,0
4983,3263,Explicit,Call,0
11127,11131,Explicit,Call,0
4985,1378,Explicit,Call,0
4985,4998,Explicit,Call,0
4985,1963,Explicit,Call,0
13180,12828,Explicit,Call,0
2941,2931,Explicit,Call,0
7039,1685,Explicit,Call,0
11135,11139,Explicit,Call,0
896,858,Explicit,Call,0
2944,2903,Explicit,Call,0
2944,2920,Explicit,Call,0
13188,12828,Explicit,Call,0
2950,2903,Explicit,Call,0
2950,2920,Explicit,Call,0
906,6761,Implicit,Call,0
906,6763,Implicit,Call,0
907,440,Implicit,Call,0
907,440,Implicit,Use,0
907,815,Implicit,Set,0
11148,11168,Explicit,Call,0
13196,12828,Explicit,Call,0
5004,4620,Implicit,Use,0
5004,2286,Implicit,Call,0
5004,3806,Implicit,Use,0
911,916,Explicit,Call,0
5007,5026,Explicit,Call,0
5007,3578,Explicit,Call,0
5007,3581,Explicit,Call,0
5007,5037,Explicit,Call,0
11152,11168,Explicit,Call,0
2961,2944,Explicit,Call,0
2961,2903,Explicit,Call,0
2961,2920,Explicit,Call,0
13202,4038,Explicit,Call,0
13202,12828,Explicit,Call,0
11156,11168,Explicit,Call,0
2966,2903,Explicit,Call,0
2966,2920,Explicit,Call,0
13208,12828,Explicit,Call,0
2969,2944,Explicit,Call,0
2972,2944,Explicit,Call,0
13215,4038,Explicit,Call,0
13215,12828,Explicit,Call,0
928,930,Explicit,Use,0
2976,2944,Explicit,Call,0
2976,2950,Explicit,Call,0
2976,2903,Explicit,Call,0
2976,2920,Explicit,Call,0
5026,5037,Explicit,Call,0
11172,11168,Explicit,Call,0
934,936,Explicit,Use,0
2982,2941,Explicit,Call,0
2982,2941,Explicit,Set,0
13222,12828,Explicit,Call,0
7080,4038,Explicit,Call,0
2985,2987,Explicit,Use,0
13227,3072,Explicit,Call,0
13227,3074,Explicit,Call,0
13227,3084,Explicit,Call,0
2993,2997,Explicit,Use,0
5041,2266,Explicit,Call,0
946,6160,Implicit,Call,0
946,3251,Implicit,Call,0
946,6120,Implicit,Call,0
946,4074,Implicit,Call,0
946,3787,Implicit,Use,0
946,1357,Implicit,Use,0
948,6161,Implicit,Call,0
951,955,Explicit,Call,0
13240,3072,Explicit,Call,0
13240,3074,Explicit,Call,0
13240,3049,Explicit,Call,0
5048,3991,Implicit,Call,0
5048,6616,Implicit,Call,0
5048,1357,Implicit,Use,0
5048,6191,Implicit,Call,0
955,4075,Explicit,Call,0
957,6157,Explicit,Call,0
13249,12828,Explicit,Call,0
5058,5134,Implicit,Call,0
11203,11198,Explicit,Call,0
7108,5048,Implicit,Call,0
7108,7197,Implicit,Call,0
7108,6191,Implicit,Call,0
5061,5088,Explicit,Call,0
11206,11198,Explicit,Call,0
968,965,Explicit,Call,0
3016,2907,Implicit,Call,0
13256,2036,Implicit,Use,0
13256,5048,Implicit,Call,0
13256,3787,Implicit,Call,0
11210,3251,Implicit,Use,0
11210,3991,Implicit,Call,0
11210,5048,Implicit,Call,0
11210,1066,Implicit,Call,0
11210,1066,Implicit,Set,0
11210,1066,Implicit,Use,0
11210,1451,Implicit,Call,0
11210,1357,Implicit,Call,0
7116,5166,Explicit,Call,0
973,979,Explicit,Call,0
973,965,Explicit,Call,0
973,957,Explicit,Call,0
7119,7118,Explicit,Use,0
11216,11212,Explicit,Call,0
5074,5082,Explicit,Call,0
5074,5085,Explicit,Call,0
7122,7118,Explicit,Use,0
13267,5166,Explicit,Call,0
7126,7127,Explicit,Call,0
13270,13272,Explicit,Use,0
13274,5166,Explicit,Call,0
15322,5600,Explicit,Call,0
15322,5166,Explicit,Call,0
7131,7132,Explicit,Call,0
11227,1082,Implicit,Call,0
11227,1453,Implicit,Call,0
11228,1068,Explicit,Call,0
13277,13280,Explicit,Use,0
7134,7126,Explicit,Use,0
7136,7138,Explicit,Use,0
7136,5166,Explicit,Call,0
11233,11219,Explicit,Call,0
11233,1092,Explicit,Call,0
11233,1094,Explicit,Call,0
11233,1096,Explicit,Call,0
11233,1098,Explicit,Call,0
11233,1102,Explicit,Call,0
7140,7142,Explicit,Use,0
7140,5166,Explicit,Call,0
15333,5600,Explicit,Call,0
15333,5166,Explicit,Call,0
5093,5058,Implicit,Call,0
5093,5058,Implicit,Use,0
5094,5090,Explicit,Call,0
5094,5082,Explicit,Use,0
13286,13289,Explicit,Use,0
7144,7152,Explicit,Use,0
7144,7156,Explicit,Use,0
7144,7145,Explicit,Use,0
7144,7148,Explicit,Use,0
3049,3039,Explicit,Call,0
5098,5074,Explicit,Call,0
11242,11219,Explicit,Call,0
11242,1092,Explicit,Call,0
11242,1094,Explicit,Call,0
11242,5166,Explicit,Call,0
13290,13293,Explicit,Use,0
3053,3060,Explicit,Call,0
3053,3049,Explicit,Call,0
3053,3033,Explicit,Call,0
13294,13297,Explicit,Use,0
11247,4035,Explicit,Call,0
5105,5058,Implicit,Call,0
5105,5058,Implicit,Use,0
5106,5082,Explicit,Call,0
13298,13301,Explicit,Use,0
13298,13303,Explicit,Use,0
3060,3039,Explicit,Call,0
5108,5074,Explicit,Call,0
3064,3049,Explicit,Call,0
13304,13307,Explicit,Use,0
13304,13309,Explicit,Use,0
7161,7169,Explicit,Call,0
7161,7173,Explicit,Call,0
7161,7162,Explicit,Call,0
7161,7165,Explicit,Call,0
15353,5654,Explicit,Call,0
5114,5054,Explicit,Call,0
1018,3945,Implicit,Use,0
3068,3039,Explicit,Call,0
5119,5058,Implicit,Call,0
5119,5058,Implicit,Use,0
5120,5082,Explicit,Call,0
1025,1035,Explicit,Call,0
3074,3088,Explicit,Call,0
5123,5074,Explicit,Call,0
5129,5054,Explicit,Call,0
7178,6339,Implicit,Call,0
3084,2903,Explicit,Call,0
5134,5058,Implicit,Use,0
7183,6339,Implicit,Call,0
5137,5144,Explicit,Use,0
3090,1357,Implicit,Call,0
5140,5144,Explicit,Use,0
5140,5163,Explicit,Call,0
1045,3263,Explicit,Call,0
1045,1055,Explicit,Use,0
7190,7201,Implicit,Call,0
7190,6598,Implicit,Call,0
1047,951,Explicit,Call,0
7191,6603,Explicit,Call,0
5144,5146,Explicit,Call,0
7197,3991,Implicit,Call,0
7197,6616,Implicit,Call,0
7197,5048,Implicit,Call,0
7197,4078,Implicit,Call,0
7197,6191,Implicit,Call,0
7197,6191,Implicit,Set,0
7197,6191,Implicit,Use,0
5156,5163,Explicit,Call,0
5156,5054,Explicit,Call,0
1066,3991,Implicit,Call,0
1066,3787,Implicit,Use,0
1066,1357,Implicit,Call,0
3118,3121,Explicit,Call,0
5166,6675,Explicit,Call,0
5166,4029,Explicit,Call,0
1071,1346,Explicit,Call,0
1071,1347,Explicit,Call,0
1071,1348,Explicit,Call,0
1071,1092,Explicit,Call,0
1071,1094,Explicit,Use,0
1071,1078,Explicit,Use,0
1071,1098,Explicit,Call,0
1071,1102,Explicit,Call,0
1082,1297,Implicit,Use,0
1082,3943,Implicit,Use,0
1082,1290,Implicit,Use,0
1082,1227,Implicit,Call,0
7231,6608,Explicit,Call,0
7231,7232,Explicit,Use,0
7231,7233,Explicit,Call,0
7231,7233,Explicit,Use,0
1092,1089,Explicit,Call,0
5190,4029,Explicit,Call,0
7239,7238,Explicit,Call,0
7241,7239,Explicit,Call,0
7242,6193,Implicit,Call,0
7242,6339,Implicit,Call,0
7242,6618,Implicit,Call,0
7243,7241,Explicit,Call,0
5195,3991,Implicit,Call,0
5195,6616,Implicit,Call,0
5204,5206,Explicit,Use,0
5204,5212,Explicit,Use,0
15444,3251,Implicit,Use,0
15444,3991,Implicit,Call,0
15444,5048,Implicit,Call,0
15444,5675,Implicit,Call,0
3162,3160,Explicit,Use,0
3164,3160,Explicit,Use,0
7260,7238,Explicit,Use,0
1120,1112,Explicit,Call,0
1120,1096,Explicit,Call,0
1120,1098,Explicit,Call,0
1120,1116,Explicit,Call,0
1122,1104,Explicit,Call,0
1122,1108,Explicit,Call,0
1122,1096,Explicit,Call,0
1122,1098,Explicit,Call,0
1122,1102,Explicit,Call,0
15458,5983,Explicit,Call,0
7267,5166,Explicit,Call,0
15463,5719,Implicit,Call,0
1128,1096,Explicit,Call,0
1128,1098,Explicit,Call,0
1128,1102,Explicit,Call,0
3178,3149,Explicit,Call,0
5227,6675,Explicit,Call,0
15469,5788,Explicit,Call,0
15469,5166,Explicit,Call,0
7278,7284,Explicit,Use,0
7278,5166,Explicit,Call,0
1138,1122,Explicit,Call,0
3187,3235,Implicit,Call,0
3187,3093,Implicit,Call,0
3187,3134,Implicit,Call,0
3188,3203,Explicit,Call,0
3188,3114,Explicit,Call,0
3188,3181,Explicit,Call,0
15476,5747,Explicit,Call,0
15476,5763,Explicit,Call,0
1141,1122,Explicit,Call,0
1144,1122,Explicit,Call,0
7288,7290,Explicit,Use,0
7288,5166,Explicit,Call,0
1147,1094,Explicit,Call,0
1150,1094,Explicit,Call,0
7295,7298,Explicit,Use,0
7295,5166,Explicit,Call,0
13442,13508,Explicit,Call,0
3205,3127,Explicit,Call,0
1158,1154,Explicit,Call,0
1158,1166,Explicit,Call,0
7302,7306,Explicit,Use,0
7302,5166,Explicit,Call,0
1160,1154,Explicit,Call,0
1160,1166,Explicit,Call,0
1162,1154,Explicit,Call,0
1162,4023,Explicit,Call,0
1162,1166,Explicit,Call,0
3210,3205,Explicit,Call,0
1164,1154,Explicit,Call,0
1164,4023,Explicit,Call,0
1164,1166,Explicit,Call,0
3213,3205,Explicit,Call,0
7311,7314,Explicit,Call,0
7311,7314,Explicit,Set,0
7311,7314,Explicit,Use,0
7311,4038,Explicit,Call,0
7311,7319,Explicit,Set,0
7311,7319,Explicit,Use,0
7311,5166,Explicit,Call,0
3216,3205,Explicit,Call,0
13457,13508,Explicit,Call,0
1170,1227,Implicit,Call,0
3219,3205,Explicit,Call,0
3221,3205,Explicit,Call,0
3223,3127,Explicit,Call,0
3223,3226,Explicit,Call,0
5271,4029,Explicit,Call,0
3226,1393,Explicit,Call,0
3226,3203,Explicit,Call,0
3226,3127,Explicit,Call,0
3226,3114,Explicit,Call,0
3226,3181,Explicit,Call,0
7322,7325,Explicit,Use,0
7322,5166,Explicit,Call,0
7322,7327,Explicit,Use,0
11418,1438,Implicit,Call,0
15517,5767,Explicit,Call,0
15517,5759,Explicit,Call,0
11423,5166,Explicit,Call,0
3236,3242,Explicit,Call,0
3236,3244,Explicit,Call,0
5284,5276,Explicit,Call,0
7332,7334,Explicit,Use,0
7332,7335,Explicit,Use,0
7332,5166,Explicit,Call,0
11431,11212,Explicit,Call,0
11431,5166,Explicit,Call,0
11434,1329,Explicit,Use,0
11434,1337,Explicit,Use,0
11434,1339,Explicit,Call,0
11434,1341,Explicit,Call,0
11434,5166,Explicit,Call,0
5291,5284,Explicit,Call,0
7341,7241,Explicit,Use,0
7341,5166,Explicit,Call,0
11437,1341,Explicit,Call,0
11437,5166,Explicit,Call,0
11437,1343,Explicit,Use,0
3247,1393,Explicit,Call,0
5295,5288,Explicit,Call,0
7344,7241,Explicit,Use,0
7344,5166,Explicit,Call,0
5297,5288,Explicit,Call,0
11441,1341,Explicit,Call,0
11441,5166,Explicit,Call,0
11441,1343,Explicit,Set,0
5299,5288,Explicit,Call,0
7347,7241,Explicit,Use,0
7347,5166,Explicit,Call,0
3251,4565,Implicit,Use,0
3251,3787,Implicit,Call,0
3251,3787,Implicit,Use,0
3251,5419,Implicit,Call,0
3251,6191,Implicit,Call,0
7350,7241,Explicit,Use,0
7350,5166,Explicit,Call,0
11446,1199,Explicit,Call,0
7355,4038,Explicit,Call,0
7355,7241,Explicit,Use,0
7355,5166,Explicit,Call,0
11454,1199,Explicit,Call,0
1217,1214,Explicit,Call,0
11457,1199,Explicit,Call,0
11460,4023,Explicit,Call,0
3269,3271,Explicit,Use,0
3269,3263,Explicit,Call,0
11466,1290,Implicit,Call,0
7371,5166,Explicit,Call,0
11468,11212,Explicit,Call,0
15565,5973,Explicit,Call,0
7375,6304,Implicit,Use,0
7375,7201,Implicit,Call,0
7375,7201,Implicit,Use,0
7375,6193,Implicit,Use,0
7375,6339,Implicit,Call,0
7375,6339,Implicit,Use,0
7375,6483,Implicit,Use,0
7375,6516,Implicit,Use,0
7375,6390,Implicit,Call,0
7375,6390,Implicit,Set,0
7375,4520,Implicit,Call,0
7375,6618,Implicit,Call,0
7375,6506,Implicit,Use,0
7376,7379,Explicit,Use,0
13520,13524,Explicit,Call,0
3283,3279,Explicit,Call,0
11475,11468,Explicit,Call,0
7381,6638,Explicit,Call,0
11478,11475,Explicit,Call,0
11478,11443,Explicit,Use,0
11478,11460,Explicit,Call,0
1240,1251,Explicit,Call,0
7384,6638,Explicit,Call,0
7384,6415,Explicit,Call,0
11481,5166,Explicit,Call,0
5339,5280,Implicit,Use,0
7389,6404,Explicit,Call,0
7389,7381,Explicit,Call,0
7389,6415,Explicit,Call,0
3298,3299,Explicit,Use,0
11490,11212,Explicit,Call,0
7395,6473,Explicit,Call,0
11495,11212,Explicit,Call,0
11495,11214,Explicit,Call,0
5353,5304,Explicit,Use,0
7401,6473,Explicit,Call,0
1257,1297,Implicit,Call,0
1257,1253,Implicit,Call,0
1259,1199,Explicit,Call,0
7407,6473,Explicit,Call,0
11503,11510,Explicit,Call,0
11503,11212,Explicit,Call,0
11503,5166,Explicit,Call,0
5365,6160,Implicit,Call,0
5365,2036,Implicit,Use,0
5365,6120,Implicit,Call,0
7414,6432,Explicit,Call,0
5369,6157,Explicit,Call,0
11513,1438,Implicit,Call,0
1275,1307,Explicit,Call,0
7419,6432,Explicit,Call,0
13563,13567,Explicit,Call,0
3324,3317,Implicit,Call,0
3324,3317,Implicit,Use,0
3324,4727,Implicit,Use,0
3324,3304,Implicit,Call,0
3324,3945,Implicit,Use,0
3324,3915,Implicit,Use,0
3324,3932,Implicit,Call,0
3324,3806,Implicit,Use,0
3327,3933,Explicit,Call,0
11519,11515,Explicit,Call,0
15615,4023,Explicit,Call,0
1280,1312,Explicit,Call,0
1280,1355,Explicit,Call,0
7426,6439,Explicit,Call,0
7426,5166,Explicit,Call,0
1283,1314,Explicit,Call,0
11523,11515,Explicit,Call,0
1285,1316,Explicit,Call,0
11527,11515,Explicit,Call,0
13576,13579,Explicit,Use,0
1290,1257,Implicit,Call,0
1290,1257,Implicit,Use,0
11531,11515,Explicit,Call,0
1292,1277,Explicit,Call,0
7436,6439,Explicit,Call,0
7436,6411,Explicit,Call,0
7436,5166,Explicit,Call,0
11534,11515,Explicit,Call,0
1297,1438,Implicit,Call,0
1297,1327,Implicit,Call,0
11538,11515,Explicit,Call,0
5397,5392,Explicit,Call,0
7446,6439,Explicit,Call,0
7446,6411,Explicit,Call,0
7446,5166,Explicit,Call,0
11542,11515,Explicit,Call,0
11542,5166,Explicit,Call,0
13593,13588,Explicit,Call,0
13593,5166,Explicit,Call,0
11546,11515,Explicit,Call,0
5403,5397,Explicit,Call,0
3356,3362,Explicit,Call,0
1312,1355,Explicit,Call,0
7456,6439,Explicit,Call,0
7456,5166,Explicit,Call,0
11552,11515,Explicit,Call,0
5409,5397,Explicit,Call,0
3362,5554,Explicit,Call,0
3362,3397,Explicit,Call,0
3362,3420,Explicit,Call,0
5414,5392,Explicit,Call,0
11558,11515,Explicit,Call,0
13607,3882,Explicit,Call,0
13607,3868,Explicit,Call,0
9512,5166,Explicit,Call,0
7465,6439,Explicit,Call,0
7465,5166,Explicit,Call,0
13609,3872,Explicit,Call,0
13609,3868,Explicit,Call,0
11562,11515,Explicit,Call,0
3371,3374,Explicit,Call,0
5419,3969,Implicit,Call,0
5419,3991,Implicit,Use,0
5419,5275,Implicit,Call,0
5419,6191,Implicit,Call,0
5419,6191,Implicit,Use,0
3374,3397,Explicit,Call,0
3374,3404,Explicit,Call,0
3374,3388,Explicit,Use,0
11566,11515,Explicit,Call,0
13615,3991,Implicit,Call,0
15664,5700,Explicit,Call,0
7473,6458,Explicit,Call,0
7473,5166,Explicit,Call,0
13617,4029,Explicit,Call,0
11570,11515,Explicit,Call,0
11570,5166,Explicit,Call,0
13620,1650,Implicit,Use,0
13620,3991,Implicit,Call,0
13620,5048,Implicit,Call,0
13620,3709,Implicit,Call,0
11573,11513,Implicit,Call,0
3384,3346,Explicit,Call,0
3384,3349,Explicit,Call,0
7480,6439,Explicit,Call,0
7480,5166,Explicit,Call,0
13624,3744,Explicit,Call,0
13624,3784,Explicit,Call,0
13624,5166,Explicit,Call,0
5433,5436,Explicit,Call,0
13627,1811,Implicit,Use,0
3388,3349,Explicit,Call,0
5436,5443,Explicit,Call,0
5436,5464,Explicit,Call,0
11580,11216,Explicit,Call,0
11580,11515,Explicit,Call,0
3392,3298,Explicit,Call,0
11584,11219,Explicit,Call,0
11584,11460,Explicit,Call,0
1348,1352,Explicit,Call,0
7492,6473,Explicit,Call,0
7492,6458,Explicit,Call,0
7492,5166,Explicit,Call,0
3397,3392,Explicit,Call,0
13637,5166,Explicit,Call,0
5447,5457,Explicit,Call,0
13640,5166,Explicit,Call,0
5449,5457,Explicit,Call,0
13643,5166,Explicit,Call,0
3404,3410,Explicit,Call,0
7500,7507,Explicit,Use,0
7500,6454,Explicit,Call,0
7500,6458,Explicit,Call,0
7500,5166,Explicit,Call,0
11596,11223,Explicit,Call,0
1357,436,Implicit,Use,0
1357,3991,Implicit,Use,0
1357,6616,Implicit,Call,0
5454,5457,Explicit,Call,0
3410,5554,Explicit,Call,0
3410,3404,Explicit,Call,0
7508,5166,Explicit,Call,0
11604,11219,Explicit,Call,0
13653,3744,Explicit,Call,0
13653,3752,Explicit,Call,0
13653,3784,Explicit,Call,0
13653,5166,Explicit,Call,0
5464,5472,Explicit,Call,0
5464,5475,Explicit,Call,0
13656,3784,Explicit,Call,0
13656,3758,Explicit,Call,0
7515,5166,Explicit,Call,0
3420,5554,Explicit,Call,0
13660,3784,Explicit,Call,0
13660,3758,Explicit,Call,0
1373,1376,Explicit,Call,0
11613,4023,Explicit,Call,0
13663,3784,Explicit,Call,0
13663,3769,Explicit,Call,0
3424,3991,Implicit,Call,0
3424,3991,Implicit,Use,0
3424,6616,Implicit,Call,0
3425,6691,Explicit,Call,0
7521,6458,Explicit,Call,0
7521,5166,Explicit,Call,0
1378,1413,Explicit,Call,0
13667,3764,Explicit,Call,0
13667,3784,Explicit,Call,0
13667,5166,Explicit,Call,0
13667,3758,Explicit,Call,0
11621,1348,Explicit,Call,0
13671,3784,Explicit,Call,0
13671,3769,Explicit,Call,0
7528,5166,Explicit,Call,0
13673,3784,Explicit,Call,0
13673,3769,Explicit,Call,0
13673,5166,Explicit,Call,0
13673,3774,Explicit,Call,0
5481,6339,Implicit,Call,0
9578,2286,Implicit,Call,0
9578,2286,Implicit,Use,0
9579,2298,Explicit,Use,0
1388,1383,Explicit,Call,0
13676,3784,Explicit,Call,0
13676,3769,Explicit,Call,0
3439,3444,Explicit,Call,0
7537,7223,Explicit,Call,0
7537,5166,Explicit,Call,0
9587,2298,Explicit,Use,0
15731,5975,Explicit,Call,0
3446,3462,Explicit,Call,0
7545,7223,Explicit,Call,0
7545,5166,Explicit,Call,0
3450,3456,Explicit,Call,0
3450,4029,Explicit,Call,0
9594,2298,Explicit,Use,0
11642,3251,Implicit,Call,0
11642,3251,Implicit,Use,0
11642,4565,Implicit,Use,0
11642,3787,Implicit,Use,0
11643,4709,Implicit,Use,0
11643,4773,Implicit,Use,0
11643,3943,Implicit,Use,0
11643,3945,Implicit,Use,0
11643,5004,Implicit,Use,0
1404,1398,Explicit,Call,0
3456,3425,Explicit,Call,0
3456,3444,Explicit,Call,0
3456,3453,Explicit,Call,0
3456,4029,Explicit,Call,0
9600,2298,Explicit,Use,0
7554,7223,Explicit,Call,0
7554,5166,Explicit,Call,0
5509,3970,Explicit,Call,0
9606,2298,Explicit,Use,0
1417,1413,Explicit,Call,0
3466,3462,Explicit,Call,0
7563,7223,Explicit,Call,0
7563,5166,Explicit,Call,0
9612,2298,Explicit,Use,0
1421,1413,Explicit,Call,0
1421,6700,Explicit,Call,0
3469,4565,Implicit,Use,0
13718,3744,Explicit,Call,0
13718,3784,Explicit,Call,0
5527,5536,Explicit,Call,0
7575,5166,Explicit,Call,0
3480,4781,Implicit,Use,0
13721,4038,Explicit,Call,0
13721,3752,Explicit,Call,0
13721,3784,Explicit,Call,0
9626,3991,Implicit,Call,0
9626,5419,Implicit,Call,0
9626,2189,Implicit,Call,0
9626,1357,Implicit,Call,0
13723,3741,Explicit,Call,0
9628,5554,Explicit,Call,0
9628,2266,Explicit,Call,0
13725,5048,Implicit,Call,0
13725,3787,Implicit,Call,0
13726,3794,Explicit,Call,0
7583,7223,Explicit,Call,0
7583,5166,Explicit,Call,0
5536,5530,Explicit,Call,0
9634,5554,Explicit,Call,0
9634,2266,Explicit,Call,0
1442,1438,Implicit,Use,0
5539,5536,Explicit,Call,0
5539,5527,Explicit,Call,0
13731,5166,Explicit,Call,0
3493,3472,Explicit,Call,0
5541,5546,Explicit,Call,0
13734,3969,Implicit,Call,0
13734,3991,Implicit,Call,0
7591,7223,Explicit,Call,0
7591,5166,Explicit,Call,0
13735,4038,Explicit,Call,0
3496,3485,Explicit,Call,0
9641,9643,Explicit,Use,0
9641,1421,Explicit,Call,0
9641,9645,Explicit,Use,0
5546,5527,Explicit,Call,0
15786,4038,Explicit,Call,0
1451,3251,Implicit,Use,0
1451,6173,Implicit,Call,0
1451,6173,Implicit,Use,0
3500,2036,Implicit,Use,0
3500,1357,Implicit,Call,0
3500,1357,Implicit,Use,0
13741,3986,Explicit,Call,0
1453,1575,Implicit,Call,0
1453,1550,Implicit,Call,0
1453,1550,Implicit,Use,0
3502,3506,Explicit,Use,0
5550,5546,Explicit,Call,0
7599,7223,Explicit,Call,0
7599,5166,Explicit,Call,0
15791,4038,Explicit,Call,0
13744,3986,Explicit,Call,0
11697,3279,Explicit,Call,0
5554,5472,Explicit,Call,0
15796,4038,Explicit,Call,0
3510,1421,Explicit,Call,0
9654,9658,Explicit,Use,0
9654,1388,Explicit,Call,0
7607,4549,Explicit,Call,0
7607,5166,Explicit,Call,0
5563,5570,Explicit,Call,0
9661,9665,Explicit,Use,0
9661,1388,Explicit,Call,0
13757,4038,Explicit,Call,0
5567,5570,Explicit,Call,0
3519,3554,Implicit,Call,0
3519,3554,Implicit,Use,0
3519,3546,Implicit,Call,0
3520,3525,Explicit,Call,0
7618,5166,Explicit,Call,0
1475,1560,Explicit,Call,0
9670,4038,Explicit,Call,0
1479,1483,Explicit,Call,0
1479,6187,Explicit,Call,0
3528,3520,Explicit,Call,0
9674,4038,Explicit,Call,0
7628,6458,Explicit,Call,0
9678,4038,Explicit,Call,0
3535,3510,Explicit,Call,0
3535,3528,Explicit,Call,0
9682,4038,Explicit,Call,0
1491,1479,Explicit,Call,0
7638,6369,Explicit,Call,0
7638,4549,Explicit,Call,0
7638,7640,Explicit,Call,0
5590,3424,Implicit,Call,0
5590,436,Implicit,Use,0
5590,3991,Implicit,Call,0
5590,3991,Implicit,Use,0
5590,1357,Implicit,Call,0
9688,4038,Explicit,Call,0
1497,1501,Explicit,Call,0
5594,4035,Explicit,Use,0
5594,5597,Explicit,Use,0
15835,4038,Explicit,Call,0
1501,1483,Explicit,Call,0
7646,6369,Explicit,Call,0
9694,4038,Explicit,Call,0
5600,4023,Explicit,Call,0
5600,5607,Explicit,Call,0
5600,3450,Explicit,Call,0
5600,3466,Explicit,Call,0
7649,6616,Implicit,Call,0
7649,5048,Implicit,Call,0
7649,6191,Implicit,Call,0
15841,5987,Implicit,Call,0
3554,3546,Implicit,Call,0
5603,5607,Explicit,Call,0
5603,5610,Explicit,Call,0
7654,6691,Explicit,Call,0
5607,4035,Explicit,Call,0
5610,4029,Explicit,Call,0
7658,7652,Explicit,Use,0
15850,5988,Implicit,Call,0
15851,6004,Explicit,Call,0
15851,5998,Explicit,Call,0
13803,3991,Implicit,Call,0
13803,5048,Implicit,Call,0
13803,1451,Implicit,Call,0
13803,1451,Implicit,Use,0
13803,5195,Implicit,Call,0
13805,1521,Implicit,Call,0
13805,1521,Implicit,Use,0
13805,1512,Implicit,Use,0
13805,1592,Implicit,Use,0
13805,1453,Implicit,Call,0
13805,1550,Implicit,Call,0
13806,5166,Explicit,Call,0
5616,1430,Explicit,Call,0
1521,1512,Implicit,Call,0
7666,7667,Explicit,Use,0
1523,1544,Explicit,Call,0
3571,3586,Explicit,Call,0
3571,3508,Explicit,Call,0
3571,3566,Explicit,Call,0
3571,3583,Explicit,Call,0
13812,5166,Explicit,Call,0
13815,5227,Explicit,Call,0
13815,5166,Explicit,Call,0
11767,3945,Implicit,Use,0
11767,3324,Implicit,Call,0
11768,3397,Explicit,Call,0
3578,3581,Explicit,Call,0
7678,5166,Explicit,Call,0
3583,3578,Explicit,Call,0
11777,3356,Explicit,Call,0
3586,3608,Explicit,Call,0
3590,3586,Explicit,Call,0
3590,3578,Explicit,Call,0
3590,3594,Explicit,Call,0
9738,4565,Implicit,Call,0
9738,3991,Implicit,Call,0
9738,5048,Implicit,Call,0
9738,1357,Implicit,Call,0
7691,7784,Explicit,Use,0
9740,4877,Implicit,Call,0
9741,1388,Explicit,Call,0
11790,11786,Explicit,Call,0
1550,1521,Implicit,Call,0
3598,3546,Implicit,Use,0
13839,5166,Explicit,Call,0
7695,6193,Implicit,Call,0
7695,6618,Implicit,Call,0
7697,6691,Explicit,Call,0
13842,5166,Explicit,Call,0
9748,9751,Explicit,Use,0
9748,9741,Explicit,Call,0
15892,6012,Explicit,Call,0
7701,6691,Explicit,Call,0
15893,6012,Explicit,Call,0
15895,3251,Implicit,Use,0
15895,3991,Implicit,Call,0
15895,1357,Implicit,Call,0
1560,1571,Explicit,Call,0
11800,11786,Explicit,Call,0
7705,7707,Explicit,Call,0
9753,9755,Explicit,Use,0
9753,9741,Explicit,Call,0
5661,5654,Explicit,Call,0
1566,1571,Explicit,Call,0
9759,9761,Explicit,Use,0
9759,9741,Explicit,Call,0
3616,3608,Explicit,Use,0
11808,11786,Explicit,Call,0
3619,3554,Implicit,Call,0
3619,3546,Implicit,Call,0
5668,5671,Explicit,Use,0
3621,3624,Explicit,Call,0
9765,9767,Explicit,Use,0
9765,9741,Explicit,Call,0
9765,5166,Explicit,Call,0
1575,1592,Implicit,Use,0
9770,9772,Explicit,Use,0
9770,9741,Explicit,Call,0
5675,1650,Implicit,Call,0
5675,3251,Implicit,Use,0
5675,6120,Implicit,Call,0
5675,3787,Implicit,Use,0
9775,9777,Explicit,Use,0
9775,9741,Explicit,Call,0
9775,5166,Explicit,Call,0
1586,1582,Explicit,Call,0
7730,7814,Explicit,Call,0
9780,9782,Explicit,Use,0
9780,9741,Explicit,Call,0
9780,5166,Explicit,Call,0
1592,1512,Implicit,Call,0
7737,5166,Explicit,Call,0
9786,9741,Explicit,Call,0
9786,9789,Explicit,Use,0
13884,13886,Explicit,Use,0
5694,5697,Explicit,Use,0
3648,3651,Explicit,Call,0
7744,5166,Explicit,Call,0
9792,9794,Explicit,Use,0
9792,9741,Explicit,Call,0
11842,11786,Explicit,Call,0
13890,5166,Explicit,Call,0
3654,3651,Explicit,Call,0
7750,7753,Explicit,Call,0
9799,9801,Explicit,Use,0
9799,9741,Explicit,Call,0
11851,4709,Implicit,Use,0
11851,4727,Implicit,Use,0
11851,3324,Implicit,Use,0
1611,6160,Implicit,Call,0
1611,1606,Implicit,Call,0
1611,6120,Implicit,Call,0
9805,9808,Explicit,Use,0
9805,9741,Explicit,Call,0
9805,5166,Explicit,Call,0
1615,1612,Explicit,Call,0
1615,6157,Explicit,Call,0
7759,5166,Explicit,Call,0
9812,9814,Explicit,Use,0
9812,9741,Explicit,Call,0
3669,1649,Implicit,Call,0
3669,6761,Implicit,Call,0
3669,6763,Implicit,Call,0
3669,6763,Implicit,Use,0
7766,5166,Explicit,Call,0
3670,1650,Implicit,Call,0
3670,3500,Implicit,Call,0
3670,3500,Implicit,Set,0
3670,3500,Implicit,Use,0
3670,3469,Implicit,Call,0
5719,3945,Implicit,Use,0
5719,5707,Implicit,Call,0
5720,5700,Explicit,Call,0
5720,1963,Explicit,Call,0
5720,5742,Explicit,Call,0
9817,9819,Explicit,Use,0
9817,9741,Explicit,Call,0
1626,1632,Explicit,Call,0
1626,1628,Explicit,Call,0
1626,1630,Explicit,Call,0
3674,3520,Explicit,Call,0
7770,6691,Explicit,Call,0
7773,7774,Explicit,Use,0
7775,7776,Explicit,Use,0
7775,6716,Explicit,Call,0
9823,4940,Explicit,Call,0
3680,1963,Explicit,Call,0
15970,4038,Explicit,Call,0
1635,1622,Explicit,Call,0
1635,1626,Explicit,Call,0
1635,6157,Explicit,Call,0
1635,1615,Explicit,Call,0
9827,4940,Explicit,Call,0
13923,4023,Explicit,Call,0
3686,3496,Explicit,Call,0
9830,4940,Explicit,Call,0
15976,1430,Explicit,Call,0
7785,6712,Explicit,Call,0
7785,7784,Explicit,Use,0
9833,9835,Explicit,Use,0
9833,4940,Explicit,Call,0
13930,4078,Implicit,Call,0
13931,4520,Implicit,Call,0
7788,6691,Explicit,Call,0
7788,6712,Explicit,Call,0
9837,4959,Explicit,Call,0
3694,3493,Explicit,Call,0
7792,6707,Explicit,Call,0
7792,7784,Explicit,Use,0
9840,4959,Explicit,Call,0
1649,6761,Implicit,Call,0
1649,906,Implicit,Call,0
1649,6763,Implicit,Call,0
1649,6763,Implicit,Use,0
1650,6160,Implicit,Call,0
1650,3251,Implicit,Use,0
1650,2036,Implicit,Use,0
1650,436,Implicit,Use,0
1650,1606,Implicit,Call,0
1650,1606,Implicit,Use,0
1650,3991,Implicit,Call,0
1650,3991,Implicit,Use,0
1650,6120,Implicit,Call,0
1650,6616,Implicit,Call,0
1650,907,Implicit,Call,0
1650,1611,Implicit,Call,0
1650,1451,Implicit,Call,0
1650,1451,Implicit,Use,0
1650,1357,Implicit,Call,0
5747,5846,Explicit,Call,0
7795,6691,Explicit,Call,0
7795,6707,Explicit,Call,0
9843,4959,Explicit,Call,0
3701,3686,Explicit,Call,0
3701,3694,Explicit,Call,0
9846,4038,Explicit,Call,0
9846,4959,Explicit,Call,0
7800,6608,Explicit,Call,0
7800,7801,Explicit,Use,0
13945,4549,Explicit,Call,0
9851,9853,Explicit,Use,0
9851,4959,Explicit,Call,0
3711,3784,Explicit,Call,0
9856,9858,Explicit,Use,0
9856,4959,Explicit,Call,0
3713,3719,Explicit,Call,0
7809,5166,Explicit,Call,0
1666,1686,Explicit,Call,0
5763,5757,Explicit,Call,0
7814,6733,Explicit,Call,0
9865,4959,Explicit,Call,0
3723,3713,Explicit,Call,0
3723,3719,Explicit,Call,0
13963,13967,Explicit,Use,0
7820,7814,Explicit,Call,0
9868,4959,Explicit,Call,0
5774,5757,Explicit,Call,0
7822,6733,Explicit,Call,0
9871,4959,Explicit,Call,0
1682,1787,Explicit,Call,0
9874,9876,Explicit,Use,0
9874,9741,Explicit,Call,0
7827,7814,Explicit,Call,0
1685,1682,Explicit,Call,0
1685,1682,Implicit,Call,0
7829,7814,Explicit,Call,0
1686,1682,Explicit,Call,0
1686,6157,Explicit,Call,0
7831,7814,Explicit,Call,0
9880,9882,Explicit,Use,0
9880,9741,Explicit,Call,0
7833,7814,Explicit,Call,0
7835,7814,Explicit,Call,0
11931,3991,Implicit,Call,0
11931,3991,Implicit,Use,0
11931,5048,Implicit,Call,0
11931,1357,Implicit,Call,0
13979,1970,Implicit,Use,0
13979,6191,Implicit,Call,0
5788,5763,Explicit,Call,0
11932,1373,Explicit,Call,0
11932,11933,Explicit,Use,0
11932,11934,Explicit,Use,0
16028,1430,Explicit,Call,0
1692,915,Implicit,Call,0
1692,4004,Implicit,Use,0
1692,1653,Implicit,Call,0
1693,1721,Explicit,Call,0
3741,3784,Explicit,Call,0
7837,7814,Explicit,Call,0
9886,9888,Explicit,Use,0
9886,9741,Explicit,Call,0
11935,1413,Explicit,Call,0
11935,5166,Explicit,Call,0
3744,3723,Explicit,Call,0
7840,7814,Explicit,Call,0
11939,11940,Explicit,Call,0
11939,1413,Explicit,Call,0
11939,11942,Explicit,Use,0
9892,9894,Explicit,Use,0
9892,9741,Explicit,Call,0
7845,7814,Explicit,Call,0
5798,6143,Explicit,Call,0
3752,3723,Explicit,Call,0
7848,7814,Explicit,Call,0
1705,1735,Explicit,Call,0
1705,6700,Explicit,Call,0
13993,6304,Implicit,Call,0
9898,9900,Explicit,Use,0
9898,9741,Explicit,Call,0
13994,13999,Explicit,Use,0
7851,7814,Explicit,Call,0
7854,7814,Explicit,Call,0
5807,5763,Explicit,Call,0
11954,4029,Explicit,Call,0
14002,13981,Explicit,Call,0
7860,7814,Explicit,Call,0
9908,9911,Explicit,Use,0
9908,9741,Explicit,Call,0
9908,5166,Explicit,Call,0
11957,11952,Explicit,Set,0
11957,11954,Explicit,Set,0
11957,5166,Explicit,Call,0
5814,5747,Explicit,Call,0
5814,5752,Explicit,Call,0
5814,5913,Explicit,Call,0
7863,7814,Explicit,Call,0
11959,1426,Explicit,Call,0
14008,13981,Explicit,Call,0
1721,1780,Explicit,Call,0
1721,1735,Explicit,Call,0
3769,3758,Explicit,Call,0
11961,3251,Implicit,Use,0
11961,3991,Implicit,Call,0
11961,5048,Implicit,Call,0
11961,1611,Implicit,Call,0
11963,1615,Explicit,Call,0
16059,4038,Explicit,Call,0
5820,5840,Explicit,Call,0
5820,5747,Explicit,Call,0
5820,5846,Explicit,Call,0
5820,5752,Explicit,Call,0
5820,5913,Explicit,Call,0
5820,5757,Explicit,Call,0
14013,13981,Explicit,Call,0
3774,3764,Explicit,Call,0
7870,7814,Explicit,Call,0
7873,7814,Explicit,Call,0
14018,13981,Explicit,Call,0
16067,3991,Implicit,Call,0
7876,7814,Explicit,Call,0
11974,1615,Explicit,Call,0
5831,5840,Explicit,Call,0
5831,5846,Explicit,Call,0
5831,5851,Explicit,Use,0
7879,7814,Explicit,Call,0
14023,13981,Explicit,Call,0
1739,1748,Explicit,Call,0
1739,1612,Explicit,Call,0
7883,7814,Explicit,Call,0
3787,6160,Implicit,Use,0
3787,2036,Implicit,Use,0
3787,3500,Implicit,Call,0
3787,1357,Implicit,Call,0
3787,6191,Implicit,Call,0
14028,14034,Explicit,Call,0
7886,7814,Explicit,Call,0
7889,7814,Explicit,Call,0
3794,3790,Explicit,Call,0
9939,9941,Explicit,Use,0
9939,9741,Explicit,Call,0
1748,1751,Explicit,Call,0
14036,14034,Explicit,Call,0
5846,5840,Explicit,Call,0
5846,5851,Explicit,Use,0
5846,5759,Explicit,Call,0
1751,1762,Explicit,Call,0
7896,6160,Implicit,Use,0
7896,3251,Implicit,Use,0
7896,2036,Implicit,Use,0
7896,4565,Implicit,Use,0
7896,3991,Implicit,Call,0
7896,5195,Implicit,Call,0
14042,14034,Explicit,Call,0
1757,1751,Explicit,Call,0
5853,5759,Explicit,Call,0
9949,9741,Explicit,Call,0
3806,6304,Implicit,Call,0
3806,6161,Implicit,Use,0
3806,3799,Implicit,Use,0
3806,3598,Implicit,Call,0
3806,3631,Implicit,Call,0
5855,5859,Explicit,Call,0
14047,14034,Explicit,Call,0
9952,9741,Explicit,Call,0
1762,1797,Explicit,Call,0
1762,1775,Explicit,Call,0
16098,4035,Explicit,Call,0
5859,5763,Explicit,Call,0
5859,5767,Explicit,Call,0
5859,5759,Explicit,Call,0
9955,9741,Explicit,Call,0
12004,5166,Explicit,Call,0
14053,14034,Explicit,Call,0
1768,1771,Explicit,Call,0
5866,5859,Explicit,Call,0
1771,1787,Explicit,Call,0
7915,5198,Explicit,Call,0
14059,14034,Explicit,Call,0
5868,5874,Explicit,Call,0
5868,5763,Explicit,Call,0
5868,5774,Explicit,Call,0
1775,1721,Explicit,Call,0
14065,14034,Explicit,Call,0
1778,1783,Explicit,Call,0
5874,5763,Explicit,Call,0
9970,9972,Explicit,Use,0
9970,9973,Explicit,Use,0
9970,1367,Explicit,Call,0
9970,9975,Explicit,Use,0
9970,9978,Explicit,Use,0
7923,4023,Explicit,Call,0
1780,1783,Explicit,Call,0
5877,5983,Explicit,Call,0
1783,1795,Explicit,Call,0
1783,1787,Explicit,Call,0
12024,5166,Explicit,Call,0
14072,14034,Explicit,Call,0
1787,1431,Explicit,Call,0
1787,1735,Explicit,Call,0
1787,1721,Explicit,Call,0
5883,5874,Explicit,Call,0
5883,5887,Explicit,Call,0
14079,14034,Explicit,Call,0
12032,5166,Explicit,Call,0
3841,3846,Explicit,Call,0
3841,3851,Explicit,Call,0
14084,14034,Explicit,Call,0
12037,5166,Explicit,Call,0
3846,3856,Explicit,Use,0
3846,3911,Explicit,Call,0
3846,3851,Explicit,Call,0
5897,5968,Explicit,Call,0
5897,5909,Explicit,Call,0
7945,7946,Explicit,Call,0
7945,5198,Explicit,Call,0
12041,5166,Explicit,Call,0
14089,14034,Explicit,Call,0
3851,3911,Explicit,Call,0
7947,5227,Explicit,Call,0
16140,16136,Explicit,Call,0
5902,5953,Explicit,Call,0
5902,5959,Explicit,Call,0
5902,5944,Explicit,Call,0
5902,5935,Explicit,Call,0
14094,14034,Explicit,Call,0
16144,16136,Explicit,Call,0
3858,3856,Explicit,Use,0
5907,5909,Explicit,Call,0
1811,6165,Implicit,Call,0
1811,1653,Implicit,Use,0
1811,1607,Implicit,Call,0
1811,1609,Implicit,Use,0
1811,1453,Implicit,Call,0
1812,1827,Explicit,Use,0
1812,1868,Explicit,Use,0
14100,14034,Explicit,Call,0
16148,16136,Explicit,Call,0
5909,5774,Explicit,Call,0
12053,5166,Explicit,Call,0
16152,16136,Explicit,Call,0
5913,5919,Explicit,Call,0
12058,5166,Explicit,Call,0
14106,14034,Explicit,Call,0
16156,16136,Explicit,Call,0
14111,14034,Explicit,Call,0
3872,3875,Explicit,Call,0
3875,3864,Explicit,Call,0
14116,14034,Explicit,Call,0
3878,3872,Explicit,Call,0
3882,3872,Explicit,Call,0
14122,14034,Explicit,Call,0
3886,3864,Explicit,Call,0
5935,5744,Explicit,Call,0
5935,5774,Explicit,Call,0
14128,14034,Explicit,Call,0
3889,3864,Explicit,Call,0
14133,14034,Explicit,Call,0
7990,5048,Implicit,Call,0
7991,5166,Explicit,Call,0
1848,1904,Explicit,Call,0
5944,5744,Explicit,Call,0
5944,5922,Explicit,Call,0
5944,5931,Explicit,Call,0
5944,5963,Explicit,Call,0
5944,5774,Explicit,Call,0
12090,5166,Explicit,Call,0
7996,6763,Implicit,Call,0
3901,3898,Explicit,Call,0
7998,5048,Implicit,Call,0
7999,5166,Explicit,Call,0
14143,14034,Explicit,Call,0
5953,5922,Explicit,Call,0
5953,5763,Explicit,Call,0
5953,5928,Explicit,Call,0
5953,5931,Explicit,Call,0
5953,5963,Explicit,Call,0
5953,5948,Explicit,Call,0
5953,5774,Explicit,Call,0
12100,5166,Explicit,Call,0
8004,6763,Implicit,Call,0
1863,1682,Explicit,Call,0
3911,1421,Explicit,Call,0
5959,5922,Explicit,Call,0
5959,5931,Explicit,Call,0
5959,5963,Explicit,Call,0
5959,5774,Explicit,Call,0
3915,3916,Implicit,Use,0
3915,3806,Implicit,Call,0
3915,3806,Implicit,Use,0
3919,3901,Explicit,Call,0
5968,5763,Explicit,Call,0
5968,5975,Explicit,Call,0
5968,5774,Explicit,Call,0
14160,14034,Explicit,Call,0
1874,1635,Explicit,Call,0
12118,12120,Explicit,Call,0
14167,13993,Implicit,Call,0
1880,928,Explicit,Call,0
1880,1956,Explicit,Call,0
1880,1887,Explicit,Call,0
12123,4038,Explicit,Call,0
12123,12127,Explicit,Use,0
3933,3929,Explicit,Call,0
1887,1804,Explicit,Call,0
12131,4038,Explicit,Call,0
12131,12135,Explicit,Use,0
12131,5166,Explicit,Call,0
5987,436,Implicit,Use,0
5987,3709,Implicit,Call,0
5987,3709,Implicit,Use,0
1892,1874,Explicit,Call,0
1892,1880,Explicit,Call,0
1892,1914,Explicit,Call,0
1892,1899,Explicit,Call,0
12137,4038,Explicit,Call,0
12137,12143,Explicit,Use,0
3945,3806,Implicit,Use,0
5994,6004,Explicit,Call,0
14189,14034,Explicit,Call,0
5998,6004,Explicit,Call,0
1904,1892,Explicit,Call,0
1904,1914,Explicit,Call,0
12147,4038,Explicit,Call,0
12147,12153,Explicit,Use,0
14195,14034,Explicit,Call,0
6004,6012,Explicit,Call,0
1909,1914,Explicit,Call,0
1914,1917,Explicit,Call,0
14202,13993,Implicit,Call,0
3963,3961,Explicit,Call,0
14203,14034,Explicit,Call,0
1917,1968,Explicit,Call,0
1917,1935,Explicit,Call,0
6014,3744,Explicit,Call,0
6014,3784,Explicit,Use,0
6014,6010,Explicit,Use,0
6014,5994,Explicit,Use,0
14209,14034,Explicit,Call,0
3969,4565,Implicit,Use,0
3969,3991,Implicit,Call,0
3969,6026,Implicit,Use,0
8066,8073,Implicit,Call,0
3973,3970,Explicit,Call,0
3973,4023,Explicit,Call,0
14216,3251,Implicit,Call,0
14216,3251,Implicit,Use,0
14216,5048,Implicit,Call,0
3977,3984,Explicit,Call,0
3977,3986,Explicit,Call,0
3977,3980,Explicit,Call,0
14218,3324,Implicit,Call,0
6026,4565,Implicit,Call,0
6026,4565,Implicit,Use,0
6026,3991,Implicit,Call,0
6026,6191,Implicit,Call,0
3980,3984,Explicit,Call,0
3980,3986,Explicit,Call,0
3982,3986,Explicit,Call,0
6031,6049,Implicit,Call,0
6031,4709,Implicit,Use,0
12179,5166,Explicit,Call,0
1941,4023,Explicit,Call,0
1947,1941,Explicit,Call,0
1951,1941,Explicit,Call,0
6049,6339,Implicit,Call,0
6049,4790,Implicit,Call,0
12195,5166,Explicit,Call,0
8099,2690,Implicit,Call,0
1956,1955,Explicit,Call,0
8100,2691,Explicit,Call,0
4004,3992,Implicit,Call,0
6053,6055,Explicit,Call,0
4006,3993,Explicit,Call,0
14250,5166,Explicit,Call,0
6062,4029,Explicit,Call,0
1970,1650,Implicit,Call,0
6067,6062,Explicit,Call,0
14259,3349,Explicit,Call,0
1975,1987,Explicit,Use,0
1975,1982,Explicit,Use,0
6071,6062,Explicit,Call,0
12218,1622,Explicit,Call,0
6075,4023,Explicit,Call,0
6075,6062,Explicit,Call,0
6079,4035,Explicit,Call,0
6079,6062,Explicit,Call,0
12223,1635,Explicit,Call,0
1987,1963,Explicit,Call,0
12232,1635,Explicit,Call,0
14281,5166,Explicit,Call,0
1995,2019,Explicit,Call,0
8139,3090,Implicit,Call,0
8140,3110,Explicit,Call,0
4045,1650,Implicit,Call,0
14287,5166,Explicit,Call,0
12240,1635,Explicit,Call,0
4049,4053,Explicit,Use,0
6098,6094,Explicit,Call,0
2003,2032,Explicit,Call,0
2003,2027,Explicit,Call,0
8147,3090,Implicit,Call,0
8147,5048,Implicit,Call,0
6100,4798,Explicit,Call,0
8148,5166,Explicit,Call,0
12247,1635,Explicit,Call,0
10199,3991,Implicit,Use,0
10199,5048,Implicit,Call,0
4056,4061,Explicit,Call,0
10200,4012,Implicit,Use,0
10201,5166,Explicit,Call,0
2010,2014,Explicit,Call,0
8154,5166,Explicit,Call,0
6108,6112,Explicit,Use,0
6108,6118,Explicit,Call,0
2014,1987,Explicit,Call,0
12254,1635,Explicit,Call,0
10207,5166,Explicit,Call,0
10209,5166,Explicit,Call,0
2019,2032,Explicit,Call,0
2019,2027,Explicit,Call,0
4067,1963,Explicit,Call,0
4067,4061,Explicit,Call,0
10211,5166,Explicit,Call,0
10213,5166,Explicit,Call,0
14311,5166,Explicit,Call,0
8168,5166,Explicit,Call,0
6120,1357,Implicit,Call,0
6120,1357,Implicit,Use,0
8171,5166,Explicit,Call,0
10219,5166,Explicit,Call,0
10221,5166,Explicit,Call,0
4078,6160,Implicit,Call,0
4078,6160,Implicit,Use,0
4078,1650,Implicit,Call,0
4078,3251,Implicit,Call,0
4078,3251,Implicit,Use,0
4078,3991,Implicit,Call,0
4078,440,Implicit,Set,0
4078,440,Implicit,Use,0
4078,1066,Implicit,Call,0
4078,1066,Implicit,Use,0
4078,1357,Implicit,Call,0
10223,5166,Explicit,Call,0
10225,5166,Explicit,Call,0
4082,4102,Explicit,Call,0
10227,5166,Explicit,Call,0
2036,6160,Implicit,Call,0
4085,6161,Implicit,Call,0
4086,4090,Explicit,Call,0
4086,4093,Explicit,Call,0
10230,5166,Explicit,Call,0
6135,6121,Explicit,Call,0
10234,5166,Explicit,Call,0
4093,4096,Explicit,Call,0
12285,1635,Explicit,Call,0
10238,5166,Explicit,Call,0
6143,1404,Explicit,Call,0
14335,5166,Explicit,Call,0
