Source,Target,VisibleType,PrimitiveType,Weight
0,1351,Explicit,Import,1
1024,1026,Explicit,Use,1
1024,1027,Explicit,Use,1
1,2,Explicit,Use,1
1,3,Explicit,Use,1
1,9,Explicit,Call,1
514,516,Explicit,Use,1
514,517,Explicit,Use,1
4,1,Explicit,Call,1
4,5,Explicit,Use,1
4,6,Explicit,Use,1
1028,1030,Explicit,Use,1
1028,1031,Explicit,Use,1
518,520,Explicit,Use,1
518,521,Explicit,Use,1
7,1,Explicit,Call,1
7,8,Explicit,Use,1
9,10,Explicit,Use,1
9,11,Explicit,Use,1
1034,1036,Explicit,Use,1
12,250,Explicit,Call,1
13,12,Explicit,Call,1
1037,1039,Explicit,Use,1
14,0,Explicit,Import,1
14,943,Explicit,Import,1
15,944,Explicit,Inherit,1
16,1,Explicit,Call,1
16,4,Explicit,Call,1
16,7,Explicit,Call,1
529,531,Explicit,Use,1
529,532,Explicit,Use,1
529,533,Explicit,Use,1
529,534,Explicit,Use,1
19,958,Explicit,Call,1
1044,1005,Explicit,Call,1
22,1351,Explicit,Import,1
24,26,Explicit,Use,1
24,27,Explicit,Use,1
536,944,Explicit,Inherit,1
537,486,Explicit,Use,1
537,250,Explicit,Call,2
539,486,Explicit,Use,1
539,250,Explicit,Call,1
541,497,Explicit,Use,1
541,250,Explicit,Call,1
1054,1056,Explicit,Use,1
1054,1057,Explicit,Set,1
1054,1057,Explicit,Use,1
1054,1058,Explicit,Set,1
1054,1058,Explicit,Use,1
543,499,Explicit,Call,2
543,500,Implicit external,Implicit External Call,2
543,500,Explicit,Call,1
545,499,Explicit,Use,1
545,250,Explicit,Call,2
34,32,Explicit,Use,1
34,33,Explicit,Use,1
34,36,Explicit,Use,1
34,28,Explicit,Use,1
34,29,Explicit,Use,1
34,30,Explicit,Use,1
34,31,Explicit,Use,1
547,499,Explicit,Call,2
547,503,Implicit external,Implicit External Call,2
547,503,Explicit,Call,1
1059,1061,Explicit,Use,1
1059,1062,Explicit,Use,1
1059,1063,Explicit,Use,1
37,32,Explicit,Use,1
37,33,Explicit,Use,1
549,499,Explicit,Use,1
549,250,Explicit,Call,2
39,32,Explicit,Use,1
39,33,Explicit,Use,1
39,41,Explicit,Use,1
39,42,Explicit,Use,1
39,28,Explicit,Use,1
39,29,Explicit,Use,1
551,250,Explicit,Call,1
551,507,Explicit,Use,1
553,513,Explicit,Use,1
553,250,Explicit,Call,2
43,32,Explicit,Use,1
43,33,Explicit,Use,1
43,28,Explicit,Use,1
43,29,Explicit,Use,1
43,45,Explicit,Use,1
43,30,Explicit,Use,1
43,31,Explicit,Use,1
555,250,Explicit,Call,2
555,523,Explicit,Use,1
557,528,Explicit,Use,1
557,250,Explicit,Call,1
1069,1071,Explicit,Use,1
46,23,Explicit,Use,1
46,250,Explicit,Call,1
47,46,Explicit,Call,1
48,1351,Explicit,Import,1
560,958,Explicit,Call,1
49,250,Explicit,Call,1
561,1351,Explicit,Import,1
561,943,Explicit,Import,1
1073,1075,Explicit,Use,1
50,49,Explicit,Call,1
562,944,Explicit,Inherit,1
51,48,Explicit,Import,1
51,22,Explicit,Import,1
51,943,Explicit,Import,1
563,250,Explicit,Call,1
52,944,Explicit,Inherit,1
53,22,Explicit,Set,1
53,23,Explicit,Call,1
565,250,Explicit,Use,1
1078,1072,Explicit,Call,1
1078,1080,Explicit,Use,1
567,1351,Explicit,Use,1
57,34,Implicit external,Implicit External Call,1
57,59,Explicit,Set,1
570,958,Explicit,Call,1
571,1351,Explicit,Import,1
571,969,Explicit,Import,1
571,943,Explicit,Import,1
1083,1085,Explicit,Use,1
60,43,Implicit external,Implicit External Call,1
60,62,Explicit,Set,1
60,62,Explicit,Use,1
60,63,Explicit,Set,1
572,944,Explicit,Inherit,1
573,979,Explicit,Use,1
573,981,Explicit,Use,1
573,997,Explicit,Use,1
573,1013,Explicit,Use,1
573,983,Explicit,Use,1
573,250,Explicit,Call,6
573,1005,Explicit,Use,1
1086,1088,Explicit,Use,1
575,997,Explicit,Use,1
575,250,Explicit,Call,2
64,66,Explicit,Set,1
64,66,Explicit,Use,1
64,67,Explicit,Set,1
64,67,Explicit,Use,1
64,37,Implicit external,Implicit External Call,1
577,250,Explicit,Call,1
577,1005,Explicit,Use,1
579,945,Implicit internal,Implicit Internal Call,1
579,979,Explicit,Use,1
579,250,Explicit,Call,1
1091,1093,Explicit,Use,1
1091,1094,Explicit,Use,1
68,39,Implicit external,Implicit External Call,1
581,250,Explicit,Call,1
581,1021,Explicit,Use,1
70,48,Explicit,Use,1
583,979,Explicit,Use,1
583,1043,Explicit,Use,1
583,997,Explicit,Use,1
583,953,Implicit internal,Implicit Internal Call,1
583,953,Explicit,Call,2
583,250,Explicit,Call,4
583,1082,Explicit,Use,1
73,958,Explicit,Call,1
585,1013,Explicit,Use,1
585,250,Explicit,Call,3
585,1005,Explicit,Use,1
1097,1095,Explicit,Use,1
1097,1096,Explicit,Use,1
1097,1099,Explicit,Use,1
1097,1100,Explicit,Use,1
587,250,Explicit,Call,2
587,1005,Explicit,Use,1
76,1351,Explicit,Import,1
77,78,Explicit,Use,1
589,250,Explicit,Call,2
589,1021,Explicit,Use,1
1102,1104,Explicit,Use,1
79,250,Explicit,Call,1
79,77,Explicit,Use,1
591,250,Explicit,Call,2
591,1021,Explicit,Use,1
81,79,Explicit,Call,1
593,250,Explicit,Call,2
593,1021,Explicit,Use,1
1105,1105,Implicit external,Implicit External Call,1
595,953,Implicit internal,Implicit Internal Call,1
595,953,Explicit,Call,1
595,250,Explicit,Call,4
595,1021,Explicit,Use,1
84,1351,Explicit,Import,1
84,107,Explicit,Import,1
1108,1110,Explicit,Use,1
1108,1111,Explicit,Use,1
1108,1112,Explicit,Use,1
597,1033,Explicit,Use,1
597,250,Explicit,Call,2
86,108,Explicit,Call,1
599,953,Implicit internal,Implicit Internal Call,1
599,250,Explicit,Call,3
599,1166,Explicit,Use,1
601,1043,Explicit,Use,1
601,250,Explicit,Call,2
90,89,Explicit,Use,1
90,108,Explicit,Call,1
603,1043,Explicit,Use,1
603,250,Explicit,Call,2
92,85,Explicit,Call,1
92,250,Explicit,Call,1
93,92,Explicit,Call,1
605,250,Explicit,Call,2
605,1053,Explicit,Use,1
94,84,Explicit,Import,1
94,107,Explicit,Import,1
94,943,Explicit,Import,1
95,944,Explicit,Inherit,1
607,250,Explicit,Call,2
607,1053,Explicit,Use,1
96,98,Explicit,Set,1
96,85,Explicit,Call,1
96,108,Explicit,Use,1
609,250,Explicit,Call,2
609,1101,Explicit,Use,1
99,85,Explicit,Call,1
99,101,Explicit,Set,1
611,250,Explicit,Call,2
611,1101,Explicit,Use,1
613,250,Explicit,Call,2
613,1005,Explicit,Call,2
102,85,Explicit,Call,1
102,104,Explicit,Set,1
102,90,Implicit external,Implicit External Call,1
615,617,Explicit,Set,1
615,617,Explicit,Use,1
615,250,Explicit,Call,2
106,958,Explicit,Call,1
618,1043,Explicit,Use,1
618,250,Explicit,Call,2
107,1351,Explicit,Import,1
620,250,Explicit,Call,2
620,622,Explicit,Set,1
620,622,Explicit,Use,1
109,111,Explicit,Use,1
1133,1136,Explicit,Set,1
1133,1135,Explicit,Set,1
1133,1135,Explicit,Use,1
623,1043,Explicit,Use,1
623,250,Explicit,Call,2
112,114,Explicit,Use,1
625,1043,Explicit,Use,1
625,250,Explicit,Call,2
627,629,Explicit,Set,1
627,630,Explicit,Set,1
627,250,Explicit,Call,2
116,250,Explicit,Call,1
116,108,Explicit,Call,1
117,116,Explicit,Call,1
1141,1143,Explicit,Set,1
1141,1143,Explicit,Use,1
1141,1144,Explicit,Set,1
118,107,Explicit,Import,1
118,943,Explicit,Import,1
119,944,Explicit,Inherit,1
631,1065,Explicit,Use,1
631,250,Explicit,Call,2
120,122,Explicit,Set,1
120,108,Explicit,Call,1
120,109,Implicit external,Implicit External Call,1
633,1065,Explicit,Use,1
633,250,Explicit,Call,2
123,112,Implicit external,Implicit External Call,1
123,108,Explicit,Call,1
123,125,Explicit,Set,1
635,1072,Explicit,Use,1
635,250,Explicit,Call,2
637,250,Explicit,Call,2
637,1021,Explicit,Use,1
1150,1152,Explicit,Use,1
127,958,Explicit,Call,1
639,953,Implicit internal,Implicit Internal Call,1
639,953,Explicit,Call,1
639,250,Explicit,Call,2
639,1021,Explicit,Use,1
641,643,Explicit,Use,1
641,646,Explicit,Use,1
641,953,Implicit internal,Implicit Internal Call,1
641,953,Explicit,Call,1
641,649,Explicit,Use,1
641,250,Explicit,Call,4
1155,1156,Explicit,Use,1
1155,1157,Explicit,Use,1
1155,1158,Explicit,Use,1
1155,1159,Explicit,Use,1
1155,1160,Explicit,Use,1
1155,1161,Explicit,Use,1
1155,1162,Explicit,Use,1
1155,1163,Explicit,Use,1
1155,1164,Explicit,Use,1
1155,1165,Explicit,Use,1
132,762,Explicit,Import,1
133,148,Explicit,Call,1
133,134,Explicit,Use,1
133,135,Explicit,Use,1
133,136,Explicit,Use,1
133,137,Explicit,Use,1
133,138,Explicit,Call,1
133,175,Explicit,Call,2
138,144,Explicit,Set,1
138,144,Explicit,Use,1
138,145,Explicit,Set,1
138,146,Explicit,Set,1
138,147,Explicit,Set,1
138,147,Explicit,Use,1
138,139,Explicit,Use,1
138,140,Explicit,Use,1
138,173,Explicit,Call,1
138,141,Explicit,Set,1
138,141,Explicit,Use,1
138,142,Explicit,Set,1
138,142,Explicit,Use,1
138,143,Explicit,Set,1
138,143,Explicit,Use,1
652,1072,Explicit,Use,1
652,953,Implicit internal,Implicit Internal Call,1
652,953,Explicit,Call,2
652,250,Explicit,Call,3
654,1072,Explicit,Use,1
654,953,Implicit internal,Implicit Internal Call,1
654,953,Explicit,Call,2
654,250,Explicit,Call,3
1167,1169,Explicit,Use,1
656,1072,Explicit,Use,1
656,953,Implicit internal,Implicit Internal Call,1
656,953,Explicit,Call,2
656,250,Explicit,Call,3
658,660,Explicit,Set,1
658,660,Explicit,Use,1
658,997,Explicit,Use,1
658,250,Explicit,Call,1
1170,1172,Explicit,Use,1
148,149,Explicit,Use,1
148,150,Explicit,Use,1
148,151,Explicit,Set,1
148,151,Explicit,Use,1
148,152,Explicit,Set,1
148,152,Explicit,Use,1
148,153,Explicit,Set,1
148,153,Explicit,Use,1
148,154,Explicit,Set,1
148,154,Explicit,Use,1
148,155,Explicit,Set,1
148,155,Explicit,Use,1
148,156,Explicit,Set,1
148,173,Explicit,Call,1
148,157,Explicit,Set,1
661,997,Explicit,Use,1
661,663,Explicit,Set,1
661,663,Explicit,Use,1
661,250,Explicit,Call,1
1174,969,Explicit,Import,1
1174,943,Explicit,Import,1
1175,944,Explicit,Inherit,1
664,250,Explicit,Call,1
664,666,Explicit,Set,1
664,666,Explicit,Use,1
664,667,Explicit,Set,1
664,667,Explicit,Use,1
1176,979,Explicit,Use,1
1176,981,Explicit,Use,1
1178,1118,Explicit,Call,1
668,953,Implicit internal,Implicit Internal Call,1
668,250,Explicit,Call,2
668,1021,Explicit,Use,1
1181,958,Explicit,Call,1
158,160,Explicit,Use,1
158,159,Explicit,Use,1
670,250,Explicit,Call,2
670,1118,Explicit,Use,1
672,1077,Explicit,Use,1
672,250,Explicit,Call,2
161,162,Explicit,Use,1
161,163,Explicit,Use,1
161,164,Explicit,Set,1
161,164,Explicit,Use,1
161,158,Explicit,Call,1
674,1072,Explicit,Use,1
674,1077,Explicit,Use,1
674,250,Explicit,Call,2
676,250,Explicit,Call,2
676,1082,Explicit,Use,1
676,1021,Explicit,Use,1
165,166,Explicit,Use,1
165,167,Explicit,Set,1
165,167,Explicit,Use,1
165,168,Explicit,Set,1
165,168,Explicit,Use,1
678,1090,Explicit,Use,1
678,953,Implicit internal,Implicit Internal Call,1
678,250,Explicit,Call,2
1191,1257,Explicit,Call,1
1191,1193,Explicit,Use,1
1191,1194,Explicit,Use,1
1191,1195,Explicit,Use,1
1191,1196,Explicit,Use,1
1191,1197,Explicit,Use,1
1191,1198,Explicit,Use,1
1191,1199,Explicit,Set,1
1191,1199,Explicit,Use,1
1191,1183,Explicit,Use,1
680,1090,Explicit,Use,1
680,953,Implicit internal,Implicit Internal Call,1
680,953,Explicit,Call,7
680,250,Explicit,Call,8
169,784,Explicit,Call,1
169,161,Explicit,Call,1
169,165,Explicit,Call,1
169,170,Explicit,Use,1
169,171,Explicit,Use,1
169,172,Explicit,Set,1
169,173,Explicit,Call,1
683,958,Explicit,Call,1
684,132,Explicit,Import,1
684,762,Explicit,Import,1
173,174,Explicit,Set,1
173,174,Explicit,Use,1
685,1105,Implicit external,Implicit External Call,1
685,686,Explicit,Set,1
685,686,Explicit,Use,1
175,176,Explicit,Use,1
175,161,Explicit,Call,1
175,177,Explicit,Use,1
175,178,Explicit,Set,1
175,178,Explicit,Use,1
175,169,Explicit,Call,1
175,173,Explicit,Call,1
175,175,Explicit,Call,1
687,689,Explicit,Use,1
687,690,Explicit,Use,1
687,691,Explicit,Set,1
687,691,Explicit,Use,1
687,692,Explicit,Set,1
687,692,Explicit,Use,1
687,693,Explicit,Set,1
687,693,Explicit,Use,1
687,694,Explicit,Set,1
687,694,Explicit,Use,1
179,132,Explicit,Import,1
179,969,Explicit,Import,1
179,943,Explicit,Import,1
180,944,Explicit,Inherit,1
181,183,Explicit,Set,1
181,183,Explicit,Use,1
181,184,Explicit,Set,1
181,184,Explicit,Use,1
181,138,Explicit,Call,1
1206,1208,Implicit internal,Implicit Internal Call,1
695,704,Explicit,Set,1
695,704,Explicit,Use,1
695,705,Explicit,Set,1
695,705,Explicit,Use,1
695,717,Explicit,Call,1
695,685,Explicit,Call,2
695,687,Explicit,Call,1
695,696,Explicit,Use,1
695,697,Explicit,Use,1
695,698,Explicit,Use,1
695,699,Explicit,Set,1
695,699,Explicit,Use,1
695,700,Explicit,Set,1
695,700,Explicit,Use,1
695,701,Explicit,Set,1
695,701,Explicit,Use,1
695,702,Explicit,Set,1
695,702,Explicit,Use,1
695,799,Explicit,Call,1
695,703,Explicit,Set,1
1208,1202,Explicit,Use,1
1208,1210,Implicit external,Implicit External Call,1
1208,1277,Implicit external,Implicit External Call,1
185,148,Explicit,Call,1
185,187,Explicit,Set,1
185,187,Explicit,Use,1
185,188,Explicit,Set,1
185,188,Explicit,Use,1
1210,1210,Implicit external,Implicit External Call,1
1210,1277,Implicit external,Implicit External Call,1
1212,1216,Explicit,Use,1
1212,1217,Explicit,Use,1
1212,1218,Explicit,Use,1
1212,1219,Explicit,Set,1
1212,1219,Explicit,Use,1
1212,1187,Explicit,Use,1
1212,1257,Explicit,Call,1
1212,1214,Explicit,Use,1
1212,1215,Explicit,Use,1
189,195,Explicit,Set,1
189,195,Explicit,Use,1
189,169,Explicit,Call,1
189,191,Explicit,Use,1
706,1105,Implicit external,Implicit External Call,3
706,707,Explicit,Use,1
706,709,Explicit,Set,1
706,709,Explicit,Use,1
706,710,Explicit,Set,1
706,710,Explicit,Use,1
706,711,Explicit,Set,1
706,711,Explicit,Use,1
706,712,Explicit,Set,1
706,712,Explicit,Use,1
706,713,Explicit,Set,1
706,713,Explicit,Use,1
706,714,Explicit,Set,1
706,714,Explicit,Use,1
706,715,Explicit,Set,1
706,715,Explicit,Use,1
706,716,Explicit,Set,1
706,716,Explicit,Use,1
196,198,Explicit,Set,1
196,198,Explicit,Use,1
196,169,Explicit,Call,1
1220,1222,Explicit,Use,1
1220,1223,Explicit,Use,1
1220,1224,Explicit,Use,1
1220,1257,Explicit,Call,1
1220,1225,Explicit,Use,1
1220,1226,Explicit,Use,1
1220,1227,Explicit,Use,1
1220,1228,Explicit,Use,1
1220,1229,Explicit,Set,1
1220,1229,Explicit,Use,1
199,169,Explicit,Call,1
199,201,Explicit,Set,1
199,201,Explicit,Use,1
199,202,Explicit,Set,1
199,202,Explicit,Use,1
203,169,Explicit,Call,1
203,205,Explicit,Set,1
203,205,Explicit,Use,1
203,206,Explicit,Set,1
203,206,Explicit,Use,1
717,784,Explicit,Call,1
717,720,Explicit,Use,1
717,1249,Implicit external,Implicit External Call,1
717,721,Explicit,Set,1
717,721,Explicit,Use,1
717,706,Explicit,Call,1
717,722,Explicit,Set,1
717,722,Explicit,Use,1
717,723,Explicit,Set,1
717,723,Explicit,Use,1
717,724,Explicit,Set,1
717,724,Explicit,Use,1
717,169,Explicit,Call,1
717,718,Explicit,Use,1
717,719,Explicit,Use,1
1230,1232,Explicit,Use,1
1230,1233,Explicit,Set,1
1230,1233,Explicit,Use,1
1230,1188,Explicit,Use,1
1230,1257,Explicit,Call,1
207,209,Explicit,Set,1
207,209,Explicit,Use,1
207,210,Explicit,Set,1
207,210,Explicit,Use,1
207,169,Explicit,Call,1
1234,1236,Explicit,Set,1
1234,1236,Explicit,Use,1
1234,1189,Explicit,Use,1
1234,1257,Explicit,Call,1
211,133,Explicit,Call,1
211,213,Explicit,Set,1
211,213,Explicit,Use,1
211,214,Explicit,Set,1
211,214,Explicit,Use,1
725,969,Explicit,Import,1
725,684,Explicit,Import,1
725,943,Explicit,Import,1
1237,1239,Explicit,Use,1
1237,1240,Explicit,Use,1
1237,1257,Explicit,Call,1
1237,1241,Explicit,Set,1
1237,1241,Explicit,Use,1
726,944,Explicit,Inherit,1
215,133,Explicit,Call,1
215,217,Explicit,Set,1
215,217,Explicit,Use,1
215,970,Explicit,Use,1
727,997,Explicit,Use,1
727,695,Explicit,Call,1
727,729,Explicit,Set,1
727,729,Explicit,Use,1
218,133,Explicit,Call,1
218,220,Explicit,Set,1
218,220,Explicit,Use,1
218,1021,Explicit,Use,1
730,997,Explicit,Call,1
730,695,Explicit,Call,1
730,732,Explicit,Set,1
730,732,Explicit,Use,1
730,733,Explicit,Set,1
730,733,Explicit,Use,1
1242,1283,Implicit external,Implicit External Call,1
1242,1242,Implicit external,Implicit External Call,1
1244,1248,Explicit,Set,1
1244,1248,Explicit,Use,1
1244,1246,Explicit,Use,1
1244,1247,Explicit,Set,1
1244,1247,Explicit,Use,1
221,224,Explicit,Set,1
221,224,Explicit,Use,1
221,133,Explicit,Call,1
221,223,Explicit,Set,1
221,223,Explicit,Use,1
734,736,Explicit,Set,1
734,737,Explicit,Set,1
734,737,Explicit,Use,1
734,997,Explicit,Call,1
734,695,Explicit,Call,1
225,227,Explicit,Set,1
225,227,Explicit,Use,1
225,133,Explicit,Call,1
225,970,Explicit,Use,1
1249,1200,Explicit,Use,1
1249,1281,Implicit external,Implicit External Call,1
1249,1201,Explicit,Use,1
1249,1202,Explicit,Use,1
1249,1251,Explicit,Set,1
1249,1251,Explicit,Use,1
1249,1252,Implicit internal,Implicit Internal Call,1
1249,1210,Implicit external,Implicit External Call,1
1249,1244,Implicit internal,Implicit Internal Call,1
1249,1277,Implicit external,Implicit External Call,1
738,740,Explicit,Set,1
738,741,Explicit,Set,1
738,741,Explicit,Use,1
738,695,Explicit,Call,1
738,1005,Explicit,Call,1
228,133,Explicit,Call,1
228,230,Explicit,Set,1
228,230,Explicit,Use,1
228,1021,Explicit,Use,1
1252,1281,Implicit external,Implicit External Call,1
1252,1254,Explicit,Set,1
1252,1208,Implicit internal,Implicit Internal Call,1
1252,1279,Implicit external,Implicit External Call,1
742,695,Explicit,Call,1
742,744,Explicit,Set,1
742,744,Explicit,Use,1
231,169,Explicit,Call,1
231,233,Explicit,Set,1
231,233,Explicit,Use,1
1255,1202,Explicit,Use,1
745,695,Explicit,Call,1
745,747,Explicit,Set,1
745,747,Explicit,Use,1
234,169,Explicit,Call,1
234,236,Explicit,Call,1
234,237,Explicit,Set,1
234,237,Explicit,Use,1
1258,1264,Explicit,Use,1
1258,1265,Explicit,Use,1
1258,1266,Explicit,Use,1
1258,1267,Explicit,Use,1
1258,1260,Explicit,Use,1
1258,1261,Explicit,Use,1
1258,1262,Explicit,Use,1
1258,1263,Explicit,Use,1
748,695,Explicit,Call,1
748,750,Explicit,Set,1
748,750,Explicit,Use,1
238,240,Explicit,Set,1
238,240,Explicit,Use,1
238,997,Explicit,Use,1
238,169,Explicit,Call,1
751,753,Explicit,Set,1
751,753,Explicit,Use,1
751,695,Explicit,Call,1
241,243,Explicit,Set,1
241,243,Explicit,Use,1
241,997,Explicit,Call,1
241,169,Explicit,Call,1
754,756,Explicit,Set,1
754,756,Explicit,Use,1
754,695,Explicit,Call,1
244,997,Explicit,Call,1
244,998,Explicit,Call,1
244,246,Explicit,Set,1
244,246,Explicit,Use,1
244,169,Explicit,Call,1
757,981,Explicit,Use,1
757,695,Explicit,Call,1
757,759,Explicit,Set,1
757,759,Explicit,Use,1
248,958,Explicit,Call,1
249,132,Explicit,Import,1
249,870,Explicit,Import,1
249,458,Explicit,Import,1
249,762,Explicit,Import,1
249,843,Explicit,Import,1
249,684,Explicit,Import,1
249,1182,Explicit,Import,1
761,958,Explicit,Call,1
250,256,Explicit,Set,1
250,1249,Implicit external,Implicit External Call,1
250,257,Explicit,Set,1
250,257,Explicit,Use,1
250,258,Explicit,Set,1
250,258,Explicit,Use,1
250,259,Explicit,Set,1
250,259,Explicit,Use,1
250,260,Explicit,Set,1
250,260,Explicit,Use,1
250,261,Explicit,Set,1
250,261,Explicit,Use,1
250,268,Explicit,Call,1
250,302,Explicit,Call,1
250,1206,Implicit external,Implicit External Call,1
250,695,Explicit,Call,1
250,1210,Implicit external,Implicit External Call,1
250,251,Explicit,Use,1
250,252,Explicit,Set,1
250,252,Explicit,Use,1
250,1277,Implicit external,Implicit External Call,1
250,285,Explicit,Call,1
250,253,Explicit,Set,1
250,253,Explicit,Use,1
250,254,Explicit,Set,1
250,254,Explicit,Use,1
250,1182,Explicit,Use,1
250,255,Explicit,Set,1
764,768,Explicit,Use,1
764,769,Explicit,Use,1
764,770,Explicit,Use,1
764,771,Explicit,Use,1
764,772,Explicit,Use,1
764,766,Explicit,Use,1
764,767,Explicit,Use,1
1277,1274,Explicit,Use,1
1279,1276,Explicit,Use,1
1281,1275,Explicit,Use,1
1283,1275,Explicit,Set,1
1285,1269,Explicit,Use,1
1285,1270,Explicit,Use,1
1285,1287,Explicit,Set,1
1285,1287,Explicit,Use,1
1285,1272,Explicit,Use,1
1285,1288,Explicit,Set,1
1285,1288,Explicit,Use,1
1285,1273,Explicit,Use,1
1285,1274,Explicit,Use,1
1285,1277,Implicit internal,Implicit Internal Call,1
262,133,Explicit,Call,1
262,263,Explicit,Use,1
262,264,Explicit,Use,1
262,265,Explicit,Use,1
1289,1182,Explicit,Import,1
1289,943,Explicit,Import,1
1290,944,Explicit,Inherit,1
1291,1190,Explicit,Call,1
1291,1293,Explicit,Set,1
1291,1293,Explicit,Use,1
780,781,Explicit,Set,1
780,781,Explicit,Use,1
780,782,Explicit,Set,1
780,782,Explicit,Use,1
780,783,Explicit,Set,1
780,783,Explicit,Use,1
269,272,Explicit,Use,1
269,268,Explicit,Use,1
269,271,Explicit,Use,1
1294,1296,Explicit,Set,1
1294,1190,Explicit,Call,1
1294,1206,Implicit external,Implicit External Call,1
1294,1212,Implicit external,Implicit External Call,1
784,785,Explicit,Set,1
784,785,Explicit,Use,1
784,786,Explicit,Set,1
784,786,Explicit,Use,1
784,787,Explicit,Set,1
784,787,Explicit,Use,1
784,788,Explicit,Set,1
784,788,Explicit,Use,1
784,789,Explicit,Set,1
784,789,Explicit,Use,1
784,790,Explicit,Set,1
784,790,Explicit,Use,1
784,791,Explicit,Set,1
784,791,Explicit,Use,1
784,792,Explicit,Set,1
784,792,Explicit,Use,1
784,763,Explicit,Call,3
784,780,Explicit,Call,1
1297,1299,Explicit,Set,1
1297,1237,Implicit external,Implicit External Call,1
1297,1190,Explicit,Call,1
1297,1210,Implicit external,Implicit External Call,1
1297,1212,Implicit external,Implicit External Call,1
1297,1277,Implicit external,Implicit External Call,1
274,385,Explicit,Call,1
274,1249,Implicit external,Implicit External Call,1
274,784,Explicit,Call,1
274,276,Explicit,Use,1
274,277,Explicit,Set,1
274,277,Explicit,Use,1
274,1206,Implicit external,Implicit External Call,1
274,278,Explicit,Set,1
274,278,Explicit,Use,1
274,279,Explicit,Set,1
274,279,Explicit,Use,1
274,280,Explicit,Set,1
274,280,Explicit,Use,1
274,281,Explicit,Set,1
274,282,Explicit,Set,1
274,282,Explicit,Use,1
274,283,Explicit,Set,1
274,283,Explicit,Use,1
274,284,Explicit,Set,1
274,284,Explicit,Use,1
1300,1190,Explicit,Call,1
1300,1302,Explicit,Set,1
1300,1302,Explicit,Use,1
1300,1303,Explicit,Set,1
1300,1303,Explicit,Use,1
1300,1212,Implicit external,Implicit External Call,1
1304,1186,Explicit,Use,1
1304,1190,Explicit,Call,1
1304,1306,Explicit,Set,1
1304,1306,Explicit,Use,1
1304,1307,Explicit,Set,1
1304,1307,Explicit,Use,1
793,794,Explicit,Use,1
793,795,Explicit,Set,1
793,795,Explicit,Use,1
793,796,Explicit,Set,1
793,797,Explicit,Set,1
793,797,Explicit,Use,1
793,798,Explicit,Set,1
793,798,Explicit,Use,1
1308,1185,Explicit,Use,1
1308,1190,Explicit,Call,1
1308,1310,Explicit,Set,1
1308,1310,Explicit,Use,1
1308,1311,Explicit,Set,1
1308,1311,Explicit,Use,1
285,288,Explicit,Set,1
285,288,Explicit,Use,1
285,289,Explicit,Call,1
285,1206,Implicit external,Implicit External Call,1
285,695,Explicit,Call,1
285,300,Explicit,Call,2
285,286,Explicit,Use,1
285,287,Explicit,Use,1
799,800,Explicit,Use,1
799,801,Explicit,Set,1
799,802,Explicit,Set,1
799,802,Explicit,Use,1
799,803,Explicit,Set,1
799,804,Explicit,Set,1
799,804,Explicit,Use,1
799,805,Explicit,Set,1
799,806,Explicit,Call,1
1312,1184,Explicit,Use,1
1312,1314,Explicit,Set,1
1312,1314,Explicit,Use,1
1312,1315,Explicit,Set,1
1312,1315,Explicit,Use,1
1312,1316,Explicit,Set,1
1312,1316,Explicit,Use,1
1312,1190,Explicit,Call,1
289,291,Explicit,Use,1
289,292,Explicit,Set,1
289,292,Explicit,Use,1
289,293,Explicit,Set,1
289,293,Explicit,Use,1
289,294,Explicit,Set,1
289,295,Explicit,Set,1
289,295,Explicit,Use,1
289,296,Explicit,Set,1
289,296,Explicit,Use,1
289,297,Explicit,Call,2
289,300,Explicit,Call,1
1317,1190,Explicit,Call,1
1317,1319,Explicit,Set,1
1317,1319,Explicit,Use,1
1317,1230,Implicit external,Implicit External Call,1
806,807,Explicit,Use,1
806,808,Explicit,Set,1
806,808,Explicit,Use,1
806,793,Explicit,Call,1
806,809,Explicit,Set,1
806,810,Explicit,Set,1
806,810,Explicit,Use,1
806,811,Explicit,Set,1
806,811,Explicit,Use,1
1320,1234,Implicit external,Implicit External Call,1
1320,1190,Explicit,Call,1
1320,1322,Explicit,Set,1
1320,1322,Explicit,Use,1
297,298,Explicit,Use,1
297,299,Explicit,Use,1
1323,1249,Implicit external,Implicit External Call,1
1323,1185,Explicit,Use,1
1323,1190,Explicit,Call,1
1323,1325,Explicit,Set,1
1323,1326,Explicit,Set,1
1323,1326,Explicit,Use,1
300,301,Explicit,Use,1
812,969,Explicit,Import,1
812,762,Explicit,Import,1
812,943,Explicit,Import,1
813,944,Explicit,Inherit,1
302,1283,Implicit external,Implicit External Call,1
302,262,Explicit,Call,1
302,266,Explicit,Call,3
302,266,Explicit,Use,1
302,274,Explicit,Call,1
302,793,Explicit,Call,1
302,1190,Explicit,Call,1
302,303,Explicit,Set,1
302,303,Explicit,Use,1
302,304,Explicit,Set,1
302,304,Explicit,Use,1
302,305,Explicit,Use,1
302,306,Explicit,Use,1
302,307,Explicit,Set,1
302,307,Explicit,Use,1
302,308,Explicit,Set,1
302,309,Explicit,Set,1
302,310,Explicit,Set,1
302,311,Explicit,Set,1
302,311,Explicit,Use,1
302,312,Explicit,Set,1
302,312,Explicit,Use,1
302,313,Explicit,Set,1
302,313,Explicit,Use,1
302,314,Explicit,Set,1
302,314,Explicit,Use,1
302,315,Explicit,Set,1
302,315,Explicit,Use,1
302,1212,Implicit external,Implicit External Call,3
302,316,Explicit,Set,1
302,316,Explicit,Use,1
302,317,Explicit,Set,1
302,317,Explicit,Use,1
302,318,Explicit,Set,1
302,318,Explicit,Use,1
302,319,Explicit,Set,1
302,319,Explicit,Use,1
302,320,Explicit,Set,1
302,320,Explicit,Use,1
302,321,Explicit,Set,1
302,321,Explicit,Use,1
302,322,Explicit,Set,1
302,322,Explicit,Use,1
302,323,Explicit,Set,1
302,323,Explicit,Use,1
302,324,Explicit,Set,1
302,324,Explicit,Use,1
302,325,Explicit,Set,1
302,325,Explicit,Use,1
302,326,Explicit,Set,1
302,326,Explicit,Use,1
302,327,Explicit,Set,1
302,327,Explicit,Use,1
302,328,Explicit,Set,1
302,328,Explicit,Use,1
302,329,Explicit,Set,1
302,329,Explicit,Use,1
302,330,Explicit,Set,1
302,330,Explicit,Use,1
302,331,Explicit,Set,1
302,331,Explicit,Use,1
302,844,Explicit,Call,1
302,332,Explicit,Set,1
302,332,Explicit,Use,1
302,333,Explicit,Set,1
302,333,Explicit,Use,1
302,1230,Implicit external,Implicit External Call,1
302,334,Explicit,Set,1
302,334,Explicit,Use,1
302,335,Explicit,Set,1
302,335,Explicit,Use,1
302,336,Explicit,Set,1
302,336,Explicit,Use,1
302,337,Explicit,Set,1
302,338,Explicit,Call,1
302,1234,Implicit external,Implicit External Call,1
302,1237,Implicit external,Implicit External Call,2
302,344,Explicit,Call,2
302,1242,Implicit external,Implicit External Call,1
302,871,Explicit,Call,1
302,873,Explicit,Call,1
814,784,Explicit,Call,1
814,816,Explicit,Set,1
814,970,Explicit,Use,1
1327,1249,Implicit external,Implicit External Call,1
1327,1185,Explicit,Use,1
1327,1329,Explicit,Set,1
1327,1330,Explicit,Set,1
1327,1330,Explicit,Use,1
1327,1190,Explicit,Call,1
817,784,Explicit,Call,1
817,1155,Explicit,Use,1
817,819,Explicit,Set,1
1331,1249,Implicit external,Implicit External Call,1
1331,1185,Explicit,Use,1
1331,1333,Explicit,Set,1
1331,1190,Explicit,Call,1
1331,1334,Explicit,Set,1
1331,1334,Explicit,Use,1
820,784,Explicit,Call,1
820,822,Explicit,Set,1
823,784,Explicit,Call,1
823,997,Explicit,Use,1
823,825,Explicit,Set,1
1336,944,Explicit,Inherit,1
1337,1257,Explicit,Call,2
1337,1210,Implicit external,Implicit External Call,1
1337,1339,Explicit,Set,1
1337,1277,Implicit external,Implicit External Call,1
826,784,Explicit,Call,1
826,981,Explicit,Use,1
826,828,Explicit,Set,1
1340,1257,Explicit,Call,1
1340,1342,Explicit,Set,1
1340,1342,Explicit,Use,1
829,784,Explicit,Call,1
829,997,Explicit,Call,1
829,998,Explicit,Call,1
829,831,Explicit,Set,1
1343,1345,Explicit,Set,1
1343,1345,Explicit,Use,1
1343,1257,Explicit,Call,1
832,834,Explicit,Set,1
832,799,Explicit,Call,1
1346,1348,Explicit,Set,1
1346,1348,Explicit,Use,1
1346,1257,Explicit,Call,1
835,997,Explicit,Use,1
835,837,Explicit,Set,1
835,799,Explicit,Call,1
838,981,Explicit,Use,1
838,840,Explicit,Set,1
838,799,Explicit,Call,1
1350,958,Explicit,Call,1
1352,250,Explicit,Import,1
842,958,Explicit,Call,1
844,854,Explicit,Call,1
844,857,Explicit,Call,1
844,845,Explicit,Use,1
844,846,Explicit,Use,1
844,847,Explicit,Call,1
847,849,Explicit,Use,1
847,850,Explicit,Set,1
847,850,Explicit,Use,1
847,851,Explicit,Set,1
847,851,Explicit,Use,1
847,852,Explicit,Set,1
847,852,Explicit,Use,1
847,853,Explicit,Set,1
847,853,Explicit,Use,1
338,339,Explicit,Use,1
338,341,Explicit,Set,1
338,341,Explicit,Use,1
338,342,Explicit,Set,1
338,342,Explicit,Use,1
338,343,Explicit,Set,1
338,343,Explicit,Use,1
338,266,Explicit,Call,1
854,855,Explicit,Use,1
854,856,Explicit,Set,1
854,856,Explicit,Use,1
344,352,Explicit,Set,1
344,352,Explicit,Use,1
344,1184,Explicit,Use,1
344,353,Explicit,Set,1
344,353,Explicit,Use,1
344,1185,Explicit,Use,1
344,354,Explicit,Set,1
344,354,Explicit,Use,1
344,1186,Explicit,Use,1
344,355,Explicit,Set,1
344,355,Explicit,Use,1
344,356,Explicit,Call,1
344,1220,Implicit external,Implicit External Call,1
344,793,Explicit,Call,1
344,345,Explicit,Set,1
344,345,Explicit,Use,1
344,346,Explicit,Use,1
344,348,Explicit,Use,1
344,349,Explicit,Set,1
344,349,Explicit,Use,1
344,350,Explicit,Set,1
344,350,Explicit,Use,1
344,351,Explicit,Set,1
344,351,Explicit,Use,1
857,858,Explicit,Use,1
859,843,Explicit,Import,1
859,943,Explicit,Import,1
861,944,Explicit,Inherit,1
862,844,Explicit,Call,1
865,844,Explicit,Call,1
356,357,Explicit,Call,1
356,357,Explicit,Use,1
356,358,Explicit,Use,1
356,359,Explicit,Call,1
356,359,Explicit,Set,1
356,360,Explicit,Set,1
356,360,Explicit,Use,1
356,361,Explicit,Set,1
356,361,Explicit,Use,1
356,362,Explicit,Set,1
356,362,Explicit,Use,1
356,363,Explicit,Set,1
356,363,Explicit,Use,1
356,364,Explicit,Call,1
869,958,Explicit,Call,1
871,872,Explicit,Set,1
871,872,Explicit,Use,1
873,874,Explicit,Set,1
873,874,Explicit,Use,1
873,875,Explicit,Set,1
873,875,Explicit,Use,1
873,876,Explicit,Set,1
873,876,Explicit,Use,1
364,784,Explicit,Call,1
364,368,Explicit,Set,1
364,369,Explicit,Set,1
364,370,Explicit,Use,1
364,365,Explicit,Use,1
364,478,Explicit,Call,1
364,366,Explicit,Set,1
364,367,Explicit,Set,1
877,878,Explicit,Use,1
877,879,Explicit,Call,1
879,880,Explicit,Use,1
879,881,Explicit,Set,1
879,881,Explicit,Use,1
879,882,Explicit,Set,1
879,883,Explicit,Set,1
879,883,Explicit,Use,1
879,884,Explicit,Call,2
372,384,Explicit,Set,1
372,266,Explicit,Call,1
372,461,Explicit,Use,1
372,401,Explicit,Call,2
372,373,Explicit,Use,1
372,375,Explicit,Use,1
372,376,Explicit,Use,1
372,377,Explicit,Use,1
372,378,Explicit,Use,1
372,379,Explicit,Set,1
372,379,Explicit,Use,1
372,380,Explicit,Set,1
372,380,Explicit,Use,1
372,381,Explicit,Set,1
372,381,Explicit,Use,1
372,382,Explicit,Set,1
372,382,Explicit,Use,1
372,383,Explicit,Set,1
372,383,Explicit,Use,1
884,885,Explicit,Use,1
884,886,Explicit,Set,1
884,886,Explicit,Use,1
887,870,Explicit,Import,1
887,943,Explicit,Import,1
888,944,Explicit,Inherit,1
889,896,Explicit,Set,1
889,896,Explicit,Use,1
889,891,Explicit,Use,1
889,892,Explicit,Set,1
889,892,Explicit,Use,1
889,877,Explicit,Call,1
889,893,Explicit,Set,1
889,893,Explicit,Use,1
889,894,Explicit,Set,1
889,894,Explicit,Use,1
889,895,Explicit,Set,1
889,895,Explicit,Use,1
385,386,Explicit,Use,1
385,388,Explicit,Set,1
385,388,Explicit,Use,1
385,389,Explicit,Set,1
385,389,Explicit,Use,1
385,390,Explicit,Set,1
385,390,Explicit,Use,1
385,391,Explicit,Set,1
385,391,Explicit,Use,1
385,392,Explicit,Set,1
385,392,Explicit,Use,1
385,393,Explicit,Set,1
385,393,Explicit,Use,1
385,394,Explicit,Set,1
385,394,Explicit,Use,1
385,395,Explicit,Set,1
385,395,Explicit,Use,1
385,396,Explicit,Set,1
385,396,Explicit,Use,1
385,397,Explicit,Set,1
385,397,Explicit,Use,1
385,398,Explicit,Set,1
385,398,Explicit,Use,1
385,399,Explicit,Set,1
385,399,Explicit,Use,1
385,400,Explicit,Set,1
898,958,Explicit,Call,1
899,870,Explicit,Import,1
899,943,Explicit,Import,1
900,944,Explicit,Inherit,1
901,871,Explicit,Call,1
903,873,Explicit,Call,2
905,877,Explicit,Call,2
907,877,Explicit,Call,2
909,877,Explicit,Call,2
911,877,Explicit,Call,2
401,402,Explicit,Use,1
401,403,Explicit,Use,1
401,404,Explicit,Use,1
401,406,Explicit,Call,1
401,406,Explicit,Set,1
401,407,Explicit,Set,1
401,407,Explicit,Use,1
401,408,Explicit,Set,1
401,408,Explicit,Use,1
401,409,Explicit,Set,1
401,409,Explicit,Use,1
401,410,Explicit,Set,1
401,410,Explicit,Use,1
401,460,Explicit,Use,1
401,877,Explicit,Use,1
913,877,Explicit,Call,2
915,877,Explicit,Call,1
917,877,Explicit,Call,1
919,877,Explicit,Call,2
921,877,Explicit,Call,1
411,249,Explicit,Import,1
411,969,Explicit,Import,1
411,1182,Explicit,Import,1
411,943,Explicit,Import,1
923,877,Explicit,Call,1
412,944,Explicit,Inherit,1
413,300,Explicit,Call,2
925,877,Explicit,Call,1
415,417,Explicit,Set,1
415,1132,Explicit,Call,1
415,300,Explicit,Call,1
415,1133,Implicit external,Implicit External Call,1
927,877,Explicit,Call,2
929,877,Explicit,Call,2
418,1043,Explicit,Use,1
418,250,Explicit,Call,2
931,877,Explicit,Call,1
421,1043,Explicit,Use,1
421,250,Explicit,Call,1
933,877,Explicit,Call,2
935,877,Explicit,Call,2
424,1190,Explicit,Use,1
424,250,Explicit,Call,1
424,427,Explicit,Set,1
424,1005,Explicit,Use,1
937,877,Explicit,Call,1
939,877,Explicit,Call,2
428,1190,Explicit,Use,1
428,250,Explicit,Call,1
428,1005,Explicit,Use,1
428,431,Explicit,Set,1
942,958,Explicit,Call,1
943,249,Explicit,Import,1
943,1182,Explicit,Import,1
432,1090,Explicit,Use,1
432,953,Implicit internal,Implicit Internal Call,1
432,953,Explicit,Call,2
432,250,Explicit,Call,3
945,947,Explicit,Use,1
945,948,Explicit,Use,1
945,949,Explicit,Use,1
945,950,Explicit,Set,1
945,950,Explicit,Use,1
945,951,Explicit,Set,1
945,951,Explicit,Use,1
945,952,Explicit,Set,1
945,952,Explicit,Use,1
434,1043,Explicit,Use,1
434,953,Implicit internal,Implicit Internal Call,1
434,953,Explicit,Call,4
434,250,Explicit,Call,5
436,953,Implicit internal,Implicit Internal Call,1
436,953,Explicit,Call,1
436,250,Explicit,Call,2
436,986,Explicit,Use,1
438,945,Implicit internal,Implicit Internal Call,1
438,945,Explicit,Call,3
438,977,Explicit,Use,1
438,250,Explicit,Call,4
438,991,Explicit,Use,1
440,953,Implicit internal,Implicit Internal Call,1
440,250,Explicit,Call,1
440,1101,Explicit,Use,1
953,945,Implicit internal,Implicit Internal Call,1
953,1190,Explicit,Use,1
953,955,Explicit,Use,1
953,956,Explicit,Use,1
953,268,Explicit,Use,1
442,250,Explicit,Call,1
442,1114,Explicit,Use,1
444,266,Explicit,Call,1
444,446,Explicit,Set,1
444,446,Explicit,Use,1
447,449,Explicit,Set,1
447,449,Explicit,Use,1
447,266,Explicit,Call,1
959,943,Explicit,Import,1
960,944,Explicit,Inherit,1
961,945,Implicit internal,Implicit Internal Call,1
450,945,Implicit internal,Implicit Internal Call,1
450,945,Explicit,Call,1
450,1126,Explicit,Use,1
450,250,Explicit,Call,2
963,945,Implicit internal,Implicit Internal Call,2
963,945,Explicit,Call,1
452,945,Implicit internal,Implicit Internal Call,2
452,1138,Explicit,Use,1
452,250,Explicit,Call,2
965,945,Implicit internal,Implicit Internal Call,1
454,945,Implicit internal,Implicit Internal Call,1
454,945,Explicit,Call,2
454,1146,Explicit,Call,3
454,250,Explicit,Call,3
968,958,Explicit,Call,1
457,958,Explicit,Call,1
969,1154,Explicit,Import,1
970,976,Explicit,Use,1
970,971,Explicit,Use,1
970,972,Explicit,Use,1
970,973,Explicit,Use,1
970,974,Explicit,Use,1
970,975,Explicit,Use,1
462,465,Explicit,Use,1
977,978,Explicit,Use,1
467,470,Explicit,Use,1
472,473,Explicit,Use,1
472,474,Explicit,Use,1
472,475,Explicit,Use,1
472,459,Explicit,Use,1
472,476,Explicit,Set,1
472,476,Explicit,Use,1
472,477,Explicit,Set,1
472,478,Explicit,Call,1
987,989,Explicit,Use,1
478,480,Explicit,Set,1
478,480,Explicit,Use,1
478,459,Explicit,Use,1
478,461,Explicit,Use,1
478,479,Explicit,Use,1
992,994,Explicit,Use,1
481,482,Explicit,Use,1
481,483,Explicit,Set,1
481,484,Explicit,Set,1
481,484,Explicit,Use,1
481,460,Explicit,Use,1
481,478,Explicit,Call,1
485,249,Explicit,Import,1
485,458,Explicit,Import,1
485,943,Explicit,Import,1
998,1000,Explicit,Use,1
487,489,Explicit,Use,1
1001,1003,Explicit,Use,1
490,492,Explicit,Use,1
493,495,Explicit,Use,1
1006,1008,Explicit,Use,1
497,498,Explicit,Use,1
1009,1011,Explicit,Use,1
500,502,Explicit,Use,1
1014,1016,Explicit,Use,1
503,505,Explicit,Use,1
1017,1019,Explicit,Use,1
508,510,Explicit,Use,1
508,511,Explicit,Use,1
